Sıra No,Bolge,Bina Kodu,Bina Adi,Bina Blok Adi,Dahili Tel,Brut Alan,Net Alan,Kira Esas Alan,Bina İnsa Tarihi
1,B1,GA01,ADATEPE,A01,5012,145,139,120,1/1/1980
2,B1,GA01,ADATEPE,A02,5013,145,139,120,1/1/1980
3,B1,GA01,ADATEPE,A03,5014,145,139,120,1/1/1980
4,B1,GA01,ADATEPE,A04,5015,145,139,120,1/1/1980
5,B1,GA01,ADATEPE,A05,5016,145,139,120,1/1/1980
6,B1,GA01,ADATEPE,A06,5017,145,139,120,1/1/1980
7,B1,GA01,ADATEPE,A07,5018,145,139,120,1/1/1980
8,B1,GA01,ADATEPE,A08,5019,145,139,120,1/1/1980
9,B1,GA01,ADATEPE,B01,5020,145,139,120,1/1/1980
10,B1,GA01,ADATEPE,B02,5021,145,139,120,1/1/1980
11,B1,GA01,ADATEPE,B03,5022,145,139,120,1/1/1980
12,B1,GA01,ADATEPE,B04,5023,145,139,120,1/1/1980
13,B1,GA01,ADATEPE,B05,5024,145,139,120,1/1/1980
14,B1,GA01,ADATEPE,B06,5025,145,139,120,1/1/1980
15,B1,GA01,ADATEPE,B07,5026,145,139,120,1/1/1980
16,B1,GA01,ADATEPE,B08,5027,145,139,120,1/1/1980
17,B1,GA02,AKHİSAR,A01,5028,145,139,120,1/1/1980
18,B1,GA02,AKHİSAR,A02,5029,145,139,120,1/1/1980
19,B1,GA02,AKHİSAR,A03,5030,145,139,120,1/1/1980
20,B1,GA02,AKHİSAR,A04,5031,145,139,120,1/1/1980
21,B1,GA02,AKHİSAR,A05,5032,145,139,120,1/1/1980
22,B1,GA02,AKHİSAR,A06,5033,145,139,120,1/1/1980
23,B1,GA02,AKHİSAR,A07,5034,145,139,120,1/1/1980
24,B1,GA02,AKHİSAR,A08,5035,145,139,120,1/1/1980
25,B1,GA02,AKHİSAR,B01,5036,145,139,120,1/1/1980
26,B1,GA02,AKHİSAR,B02,5037,145,139,120,1/1/1980
27,B1,GA02,AKHİSAR,B03,5038,145,139,120,1/1/1980
28,B1,GA02,AKHİSAR,B04,5039,145,139,120,1/1/1980
29,B1,GA02,AKHİSAR,B05,5040,145,139,120,1/1/1980
30,B1,GA02,AKHİSAR,B06,5041,145,139,120,1/1/1980
31,B1,GA02,AKHİSAR,B07,5042,145,139,120,1/1/1980
32,B1,GA02,AKHİSAR,B08,5043,145,139,120,1/1/1980
33,D,GA07,AKIN,A01,6560,80,73,80,1/1/1980
34,D,GA07,AKIN,A02,6561,80,73,80,1/1/1980
35,D,GA07,AKIN,A03,6562,90,83,90,1/1/1980
36,D,GA07,AKIN,A04,6563,90,83,90,1/1/1980
37,D,GA07,AKIN,A05,6564,90,83,90,1/1/1980
38,D,GA07,AKIN,A06,6565,90,83,90,1/1/1980
39,D,GA07,AKIN,A07,6566,90,83,90,1/1/1980
40,D,GA07,AKIN,A08,6567,90,83,90,1/1/1980
41,D,GA07,AKIN,B01,6568,80,73,80,1/1/1980
42,D,GA07,AKIN,B02,6569,80,73,80,1/1/1980
43,D,GA07,AKIN,B03,6570,90,83,90,1/1/1980
44,D,GA07,AKIN,B04,6571,90,83,90,1/1/1980
45,D,GA07,AKIN,B05,6572,90,83,90,1/1/1980
46,D,GA07,AKIN,B06,6573,90,83,90,1/1/1980
47,D,GA07,AKIN,B07,6574,90,83,90,1/1/1980
48,D,GA07,AKIN,B08,6575,90,83,90,1/1/1980
49,D,GAO6,ALÇITEPE,A01,6620,80,73,80,1/1/1980
50,D,GAO6,ALÇITEPE,A02,6621,80,73,80,1/1/1980
51,D,GAO6,ALÇITEPE,A03,6622,90,83,90,1/1/1980
52,D,GAO6,ALÇITEPE,A04,6623,90,83,90,1/1/1980
53,D,GAO6,ALÇITEPE,A05,6624,90,83,90,1/1/1980
54,D,GAO6,ALÇITEPE,A06,6625,90,83,90,1/1/1980
55,D,GAO6,ALÇITEPE,A07,6626,90,83,90,1/1/1980
56,D,GAO6,ALÇITEPE,A08,6627,90,83,90,1/1/1980
57,D,GAO6,ALÇITEPE,B01,6628,80,73,80,1/1/1980
58,D,GAO6,ALÇITEPE,B02,6629,80,73,80,1/1/1980
59,D,GAO6,ALÇITEPE,B03,6630,90,83,90,1/1/1980
60,D,GAO6,ALÇITEPE,B04,6631,90,83,90,1/1/1980
61,D,GAO6,ALÇITEPE,B05,6632,90,83,90,1/1/1980
62,D,GAO6,ALÇITEPE,B06,6633,90,83,90,1/1/1980
63,D,GAO6,ALÇITEPE,B07,6634,90,83,90,1/1/1980
64,D,GAO6,ALÇITEPE,B08,6635,90,83,90,1/1/1980
65,D,GA08,ATAK,A01,6592,80,73,80,1/1/1980
66,D,GA08,ATAK,A02,6593,80,73,80,1/1/1980
67,D,GA08,ATAK,A03,6594,90,83,90,1/1/1980
68,D,GA08,ATAK,A04,6595,90,83,90,1/1/1980
69,D,GA08,ATAK,A05,6596,90,83,90,1/1/1980
70,D,GA08,ATAK,A06,6597,90,83,90,1/1/1980
71,D,GA08,ATAK,A07,6598,90,83,90,1/1/1980
72,D,GA08,ATAK,A08,6599,90,83,90,1/1/1980
73,D,GA08,ATAK,B01,6612,80,73,80,1/1/1980
74,D,GA08,ATAK,B02,,80,73,80,1/1/1980
75,D,GA08,ATAK,B03,6614,90,83,90,1/1/1980
76,D,GA08,ATAK,B04,6615,90,83,90,1/1/1980
77,D,GA08,ATAK,B05,6616,90,83,90,1/1/1980
78,D,GA08,ATAK,B06,6617,90,83,90,1/1/1980
79,D,GA08,ATAK,B07,6618,90,83,90,1/1/1980
80,D,GA08,ATAK,B08,6619,90,83,90,1/1/1980
81,D,GM02,ATIL,A01,6212,118,113,118,1/1/1980
82,D,GM02,ATIL,A02,6213,118,113,118,1/1/1980
83,D,GM02,ATIL,A03,6214,118,113,118,1/1/1980
84,D,GM02,ATIL,A04,6215,118,113,118,1/1/1980
85,D,GM02,ATIL,A05,6216,118,113,118,1/1/1980
86,D,GM02,ATIL,A06,6217,118,113,118,1/1/1980
87,D,GM02,ATIL,A07,6218,118,113,118,1/1/1980
88,D,GM02,ATIL,A08,6219,118,113,118,1/1/1980
89,D,GM02,ATIL,A09,6220,118,113,118,1/1/1980
90,D,GM02,ATIL,A10,6221,118,113,118,1/1/1980
91,D,GM02,ATIL,B01,6222,118,113,118,1/1/1980
92,D,GM02,ATIL,B02,6223,118,113,118,1/1/1980
93,D,GM02,ATIL,B03,6224,118,113,118,1/1/1980
94,D,GM02,ATIL,B04,6225,118,113,118,1/1/1980
95,D,GM02,ATIL,B05,6226,118,113,118,1/1/1980
96,D,GM02,ATIL,B06,6227,118,113,118,1/1/1980
97,D,GM02,ATIL,B07,6228,118,113,118,1/1/1980
98,D,GM02,ATIL,B08,6229,118,113,118,1/1/1980
99,D,GM02,ATIL,B09,6230,118,113,118,1/1/1980
100,D,GM02,ATIL,B10,6231,118,113,118,1/1/1980
101,B1,GA03,ATILAY,A01,5044,145,139,120,1/1/1980
102,B1,GA03,ATILAY,A02,5045,145,139,120,1/1/1980
103,B1,GA03,ATILAY,A03,5046,145,139,120,1/1/1980
104,B1,GA03,ATILAY,A04,5047,145,139,120,1/1/1980
105,B1,GA03,ATILAY,A05,5048,145,139,120,1/1/1980
106,B1,GA03,ATILAY,A06,5049,145,139,120,1/1/1980
107,B1,GA03,ATILAY,A07,5050,145,139,120,1/1/1980
108,B1,GA03,ATILAY,A08,5051,145,139,120,1/1/1980
109,B1,GA03,ATILAY,B01,5052,145,139,120,1/1/1980
110,B1,GA03,ATILAY,B02,5053,145,139,120,1/1/1980
111,B1,GA03,ATILAY,B03,5054,145,139,120,1/1/1980
112,B1,GA03,ATILAY,B04,5055,145,139,120,1/1/1980
113,B1,GA03,ATILAY,B05,5056,145,139,120,1/1/1980
114,B1,GA03,ATILAY,B06,5057,145,139,120,1/1/1980
115,B1,GA03,ATILAY,B07,5058,145,139,120,1/1/1980
116,B1,GA03,ATILAY,B08,5059,145,139,120,1/1/1980
117,D,GAO9,ATMACA,A01,6636,80,73,80,1/1/1980
118,D,GAO9,ATMACA,A02,6637,80,73,80,1/1/1980
119,D,GAO9,ATMACA,A03,6638,80,73,80,1/1/1980
120,D,GAO9,ATMACA,A04,6639,80,73,80,1/1/1980
121,D,GAO9,ATMACA,A05,6640,80,73,80,1/1/1980
122,D,GAO9,ATMACA,A06,6641,80,73,80,1/1/1980
123,D,GAO9,ATMACA,A07,6642,80,73,80,1/1/1980
124,D,GAO9,ATMACA,A08,6643,80,73,80,1/1/1980
125,D,GAO9,ATMACA,B01,6644,80,73,80,1/1/1980
126,D,GAO9,ATMACA,B02,6645,80,73,80,1/1/1980
127,D,GAO9,ATMACA,B03,6646,80,73,80,1/1/1980
128,D,GAO9,ATMACA,B04,6647,80,73,80,1/1/1980
129,D,GAO9,ATMACA,B05,6648,80,73,80,1/1/1980
130,D,GAO9,ATMACA,B06,6649,80,73,80,1/1/1980
131,D,GAO9,ATMACA,B07,6650,80,73,80,1/1/1980
132,D,GAO9,ATMACA,B08,6651,80,73,80,1/1/1980
133,D,GF01,BAFRA,A01,5944,145,139,120,1/1/1980
134,D,GF01,BAFRA,A02,5945,145,139,120,1/1/1980
135,D,GF01,BAFRA,A03,5946,145,139,120,1/1/1980
136,D,GF01,BAFRA,A04,5947,145,139,120,1/1/1980
137,D,GF01,BAFRA,A05,5948,145,139,120,1/1/1980
138,D,GF01,BAFRA,A06,5949,145,139,120,1/1/1980
139,D,GF01,BAFRA,A07,5950,145,139,120,1/1/1980
140,D,GF01,BAFRA,A08,5951,145,139,120,1/1/1980
141,D,GF01,BAFRA,A09,5952,145,139,120,1/1/1980
142,D,GF01,BAFRA,A10,5953,145,139,120,1/1/1980
143,D,GF01,BAFRA,B01,5954,145,139,120,1/1/1980
144,D,GF01,BAFRA,B02,5955,145,139,120,1/1/1980
145,D,GF01,BAFRA,B03,5956,145,139,120,1/1/1980
146,D,GF01,BAFRA,B04,5957,145,139,120,1/1/1980
147,D,GF01,BAFRA,B05,5958,145,139,120,1/1/1980
148,D,GF01,BAFRA,B06,5959,145,139,120,1/1/1980
149,D,GF01,BAFRA,B07,5960,145,139,120,1/1/1980
150,D,GF01,BAFRA,B08,5961,145,139,120,1/1/1980
151,D,GF01,BAFRA,B09,5962,145,139,120,1/1/1980
152,D,GF01,BAFRA,B10,5963,145,139,120,1/1/1980
153,D,GH01,BANDIRMA,A01,5984,145,139,120,1/1/1980
154,D,GH01,BANDIRMA,A02,5985,145,139,120,1/1/1980
155,D,GH01,BANDIRMA,A03,5986,145,139,120,1/1/1980
156,D,GH01,BANDIRMA,A04,5987,145,139,120,1/1/1980
157,D,GH01,BANDIRMA,A05,5988,145,139,120,1/1/1980
158,D,GH01,BANDIRMA,A06,5989,145,139,120,1/1/1980
159,D,GH01,BANDIRMA,A07,5990,145,139,120,1/1/1980
160,D,GH01,BANDIRMA,A08,5991,145,139,120,1/1/1980
161,D,GH01,BANDIRMA,A09,5992,145,139,120,1/1/1980
162,D,GH01,BANDIRMA,A10,5993,145,139,120,1/1/1980
163,D,GH01,BANDIRMA,B01,5994,145,139,120,1/1/1980
164,D,GH01,BANDIRMA,B02,5995,145,139,120,1/1/1980
165,D,GH01,BANDIRMA,B03,5996,145,139,120,1/1/1980
166,D,GH01,BANDIRMA,B04,5997,145,139,120,1/1/1980
167,D,GH01,BANDIRMA,B05,5998,145,139,120,1/1/1980
168,D,GH01,BANDIRMA,B06,5999,145,139,120,1/1/1980
169,D,GH01,BANDIRMA,B07,6012,145,139,120,1/1/1980
170,D,GH01,BANDIRMA,B08,6013,145,139,120,1/1/1980
171,D,GH01,BANDIRMA,B09,6014,145,139,120,1/1/1980
172,D,GH01,BANDIRMA,B10,6015,145,139,120,1/1/1980
173,D,GI01,BARTIN,A01,6068,118,113,118,1/1/1980
174,D,GI01,BARTIN,A02,6069,118,113,118,1/1/1980
175,D,GI01,BARTIN,A03,6070,118,113,118,1/1/1980
176,D,GI01,BARTIN,A04,6071,118,113,118,1/1/1980
177,D,GI01,BARTIN,A05,6072,118,113,118,1/1/1980
178,D,GI01,BARTIN,A06,6073,118,113,118,1/1/1980
179,D,GI01,BARTIN,A07,6074,118,113,118,1/1/1980
180,D,GI01,BARTIN,A08,6075,118,113,118,1/1/1980
181,D,GI01,BARTIN,A09,6076,118,113,118,1/1/1980
182,D,GI01,BARTIN,A10,6077,118,113,118,1/1/1980
183,D,GI01,BARTIN,B01,6078,118,113,118,1/1/1980
184,D,GI01,BARTIN,B02,6079,118,113,118,1/1/1980
185,D,GI01,BARTIN,B03,6080,118,113,118,1/1/1980
186,D,GI01,BARTIN,B04,6081,118,113,118,1/1/1980
187,D,GI01,BARTIN,B05,6082,118,113,118,1/1/1980
188,D,GI01,BARTIN,B06,6083,118,113,118,1/1/1980
189,D,GI01,BARTIN,B07,6084,118,113,118,1/1/1980
190,D,GI01,BARTIN,B08,6085,118,113,118,1/1/1980
191,D,GI01,BARTIN,B09,6086,118,113,118,1/1/1980
192,D,GI01,BARTIN,B10,6087,118,113,118,1/1/1980
193,B1,GN01,BAŞARAN,A01,5320,118,113,118,1/1/1980
194,B1,GN01,BAŞARAN,A02,5321,118,113,118,1/1/1980
195,B1,GN01,BAŞARAN,A03,5322,118,113,118,1/1/1980
196,B1,GN01,BAŞARAN,A04,5323,118,113,118,1/1/1980
197,B1,GN01,BAŞARAN,A05,5324,118,113,118,1/1/1980
198,B1,GN01,BAŞARAN,A06,5325,118,113,118,1/1/1980
199,B1,GN01,BAŞARAN,A07,5326,118,113,118,1/1/1980
200,B1,GN01,BAŞARAN,A08,5327,118,113,118,1/1/1980
201,B1,GN01,BAŞARAN,A09,5328,118,113,118,1/1/1980
202,B1,GN01,BAŞARAN,A10,5329,118,113,118,1/1/1980
203,B1,GN01,BAŞARAN,B01,5330,118,113,118,1/1/1980
204,B1,GN01,BAŞARAN,B02,5331,118,113,118,1/1/1980
205,B1,GN01,BAŞARAN,B03,5332,118,113,118,1/1/1980
206,B1,GN01,BAŞARAN,B04,5333,118,113,118,1/1/1980
207,B1,GN01,BAŞARAN,B05,5334,118,113,118,1/1/1980
208,B1,GN01,BAŞARAN,B06,5335,118,113,118,1/1/1980
209,B1,GN01,BAŞARAN,B07,5336,118,113,118,1/1/1980
210,B1,GN01,BAŞARAN,B08,5337,118,113,118,1/1/1980
211,B1,GN01,BAŞARAN,B09,5338,118,113,118,1/1/1980
212,B1,GN01,BAŞARAN,B10,5339,118,113,118,1/1/1980
213,B1,GB01,BATIRAY,A01,5060,145,139,120,1/1/1980
214,B1,GB01,BATIRAY,A02,5061,145,139,120,1/1/1980
215,B1,GB01,BATIRAY,A03,5062,145,139,120,1/1/1980
216,B1,GB01,BATIRAY,A04,5063,145,139,120,1/1/1980
217,B1,GB01,BATIRAY,A05,5064,145,139,120,1/1/1980
218,B1,GB01,BATIRAY,A06,5065,145,139,120,1/1/1980
219,B1,GB01,BATIRAY,A07,5066,145,139,120,1/1/1980
220,B1,GB01,BATIRAY,A08,5067,145,139,120,1/1/1980
221,B1,GB01,BATIRAY,B01,5068,145,139,120,1/1/1980
222,B1,GB01,BATIRAY,B02,5069,145,139,120,1/1/1980
223,B1,GB01,BATIRAY,B03,5070,145,139,120,1/1/1980
224,B1,GB01,BATIRAY,B04,5071,145,139,120,1/1/1980
225,B1,GB01,BATIRAY,B05,5072,145,139,120,1/1/1980
226,B1,GB01,BATIRAY,B06,5073,145,139,120,1/1/1980
227,B1,GB01,BATIRAY,B07,5074,145,139,120,1/1/1980
228,B1,GB01,BATIRAY,B08,5075,145,139,120,1/1/1980
229,D,GG01,BEKİRDERE,A01,5964,145,139,120,1/1/1980
230,D,GG01,BEKİRDERE,A02,5965,145,139,120,1/1/1980
231,D,GG01,BEKİRDERE,A03,5966,145,139,120,1/1/1980
232,D,GG01,BEKİRDERE,A04,5967,145,139,120,1/1/1980
233,D,GG01,BEKİRDERE,A05,1091,145,139,120,1/1/1980
234,D,GG01,BEKİRDERE,A06,5969,145,139,120,1/1/1980
235,D,GG01,BEKİRDERE,A07,5970,145,139,120,1/1/1980
236,D,GG01,BEKİRDERE,A08,5971,145,139,120,1/1/1980
237,D,GG01,BEKİRDERE,A09,5972,145,139,120,1/1/1980
238,D,GG01,BEKİRDERE,A10,5973,145,139,120,1/1/1980
239,D,GG01,BEKİRDERE,B01,5974,145,139,120,1/1/1980
240,D,GG01,BEKİRDERE,B02,5975,145,139,120,1/1/1980
241,D,GG01,BEKİRDERE,B03,5976,145,139,120,1/1/1980
242,D,GG01,BEKİRDERE,B04,5977,145,139,120,1/1/1980
243,D,GG01,BEKİRDERE,B05,5978,145,139,120,1/1/1980
244,D,GG01,BEKİRDERE,B06,5979,145,139,120,1/1/1980
245,D,GG01,BEKİRDERE,B07,,145,139,120,1/1/1980
246,D,GG01,BEKİRDERE,B08,5981,145,139,120,1/1/1980
247,D,GG01,BEKİRDERE,B09,5982,145,139,120,1/1/1980
248,D,GG01,BEKİRDERE,B10,5983,145,139,120,1/1/1980
249,B1,GB02,BERK,A01,5076,145,139,120,1/1/1980
250,B1,GB02,BERK,A02,5077,145,139,120,1/1/1980
251,B1,GB02,BERK,A03,5078,145,139,120,1/1/1980
252,B1,GB02,BERK,A04,5079,145,139,120,1/1/1980
253,B1,GB02,BERK,A05,5080,145,139,120,1/1/1980
254,B1,GB02,BERK,A06,5081,145,139,120,1/1/1980
255,B1,GB02,BERK,A07,5082,145,139,120,1/1/1980
256,B1,GB02,BERK,A08,5083,145,139,120,1/1/1980
257,B1,GB02,BERK,B01,5084,145,139,120,1/1/1980
258,B1,GB02,BERK,B02,5085,145,139,120,1/1/1980
259,B1,GB02,BERK,B03,5086,145,139,120,1/1/1980
260,B1,GB02,BERK,B04,5087,145,139,120,1/1/1980
261,B1,GB02,BERK,B05,5088,145,139,120,1/1/1980
262,B1,GB02,BERK,B06,5089,145,139,120,1/1/1980
263,B1,GB02,BERK,B07,5090,145,139,120,1/1/1980
264,B1,GB02,BERK,B08,5091,145,139,120,1/1/1980
265,D,GJ01,BİGA,A01,6088,118,113,118,1/1/1980
266,D,GJ01,BİGA,A02,6089,118,113,118,1/1/1980
267,D,GJ01,BİGA,A03,6090,118,113,118,1/1/1980
268,D,GJ01,BİGA,A04,6091,118,113,118,1/1/1980
269,D,GJ01,BİGA,A05,6092,118,113,118,1/1/1980
270,D,GJ01,BİGA,A06,6093,118,113,118,1/1/1980
271,D,GJ01,BİGA,A07,6094,118,113,118,1/1/1980
272,D,GJ01,BİGA,A08,6095,118,113,118,1/1/1980
273,D,GJ01,BİGA,A09,6096,118,113,118,1/1/1980
274,D,GJ01,BİGA,A10,6097,118,113,118,1/1/1980
275,D,GJ01,BİGA,B01,6098,118,113,118,1/1/1980
276,D,GJ01,BİGA,B02,6099,118,113,118,1/1/1980
277,D,GJ01,BİGA,B03,6112,118,113,118,1/1/1980
278,D,GJ01,BİGA,B04,6113,118,113,118,1/1/1980
279,D,GJ01,BİGA,B05,6114,118,113,118,1/1/1980
280,D,GJ01,BİGA,B06,6115,118,113,118,1/1/1980
281,D,GJ01,BİGA,B07,6116,118,113,118,1/1/1980
282,D,GJ01,BİGA,B08,6117,118,113,118,1/1/1980
283,D,GJ01,BİGA,B09,6118,118,113,118,1/1/1980
284,D,GJ01,BİGA,B10,6119,118,113,118,1/1/1980
285,D,GE01,BODRUM,A01,5924,145,139,120,1/1/1980
286,D,GE01,BODRUM,A02,5925,145,139,120,1/1/1980
287,D,GE01,BODRUM,A03,5926,145,139,120,1/1/1980
288,D,GE01,BODRUM,A04,5927,145,139,120,1/1/1980
289,D,GE01,BODRUM,A05,5928,145,139,120,1/1/1980
290,D,GE01,BODRUM,A06,5929,145,139,120,1/1/1980
291,D,GE01,BODRUM,A07,5930,145,139,120,1/1/1980
292,D,GE01,BODRUM,A08,5931,145,139,120,1/1/1980
293,D,GE01,BODRUM,A09,5932,145,139,120,1/1/1980
294,D,GE01,BODRUM,A10,5933,145,139,120,1/1/1980
295,D,GE01,BODRUM,B01,5934,145,139,120,1/1/1980
296,D,GE01,BODRUM,B02,5935,145,139,120,1/1/1980
297,D,GE01,BODRUM,B03,5936,145,139,120,1/1/1980
298,D,GE01,BODRUM,B04,5937,145,139,120,1/1/1980
299,D,GE01,BODRUM,B05,5938,145,139,120,1/1/1980
300,D,GE01,BODRUM,B06,5939,145,139,120,1/1/1980
301,D,GE01,BODRUM,B07,5940,145,139,120,1/1/1980
302,D,GE01,BODRUM,B08,5941,145,139,120,1/1/1980
303,D,GE01,BODRUM,B09,5942,145,139,120,1/1/1980
304,D,GE01,BODRUM,B10,5943,145,139,120,1/1/1980
305,D,GE02,BOZCAADA,A01,6344,80,73,80,1/1/1980
306,D,GE02,BOZCAADA,A02,6345,80,73,80,1/1/1980
307,D,GE02,BOZCAADA,A03,6346,80,73,80,1/1/1980
308,D,GE02,BOZCAADA,A04,6347,80,73,80,1/1/1980
309,D,GE02,BOZCAADA,A05,6348,80,73,80,1/1/1980
310,D,GE02,BOZCAADA,A06,6349,80,73,80,1/1/1980
311,D,GE02,BOZCAADA,A07,6350,80,73,80,1/1/1980
312,D,GE02,BOZCAADA,A08,6351,80,73,80,1/1/1980
313,D,GE02,BOZCAADA,B01,6352,80,73,80,1/1/1980
314,D,GE02,BOZCAADA,B02,6353,80,73,80,1/1/1980
315,D,GE02,BOZCAADA,B03,6354,80,73,80,1/1/1980
316,D,GE02,BOZCAADA,B04,6355,80,73,80,1/1/1980
317,D,GE02,BOZCAADA,B05,6356,80,73,80,1/1/1980
318,D,GE02,BOZCAADA,B06,6357,80,73,80,1/1/1980
319,D,GE02,BOZCAADA,B07,6358,80,73,80,1/1/1980
320,D,GE02,BOZCAADA,B08,6359,80,73,80,1/1/1980
321,B2,GB04,BURAKREİS,A01,5092,118,113,118,1/1/1980
322,B2,GB04,BURAKREİS,A02,5093,118,113,118,1/1/1980
323,B2,GB04,BURAKREİS,A03,5094,118,113,118,1/1/1980
324,B2,GB04,BURAKREİS,A04,5095,118,113,118,1/1/1980
325,B2,GB04,BURAKREİS,A05,5096,118,113,118,1/1/1980
326,B2,GB04,BURAKREİS,A06,5097,118,113,118,1/1/1980
327,B2,GB04,BURAKREİS,A07,5098,118,113,118,1/1/1980
328,B2,GB04,BURAKREİS,A08,5099,118,113,118,1/1/1980
329,B2,GB04,BURAKREİS,A09,5112,118,113,118,1/1/1980
330,B2,GB04,BURAKREİS,A10,5113,118,113,118,1/1/1980
331,B2,GB04,BURAKREİS,B01,5114,118,113,118,1/1/1980
332,B2,GB04,BURAKREİS,B02,5115,118,113,118,1/1/1980
333,B2,GB04,BURAKREİS,B03,5116,118,113,118,1/1/1980
334,B2,GB04,BURAKREİS,B04,5117,118,113,118,1/1/1980
335,B2,GB04,BURAKREİS,B05,5118,118,113,118,1/1/1980
336,B2,GB04,BURAKREİS,B06,5119,118,113,118,1/1/1980
337,B2,GB04,BURAKREİS,B07,5120,118,113,118,1/1/1980
338,B2,GB04,BURAKREİS,B08,5121,118,113,118,1/1/1980
339,B2,GB04,BURAKREİS,B09,5122,118,113,118,1/1/1980
340,B2,GB04,BURAKREİS,B10,5123,118,113,118,1/1/1980
341,B1,GC01,ÇAKABEY,A01,5124,118,113,118,1/1/1980
342,B1,GC01,ÇAKABEY,A02,5125,118,113,118,1/1/1980
343,B1,GC01,ÇAKABEY,A03,5126,118,113,118,1/1/1980
344,B1,GC01,ÇAKABEY,A04,5127,118,113,118,1/1/1980
345,B1,GC01,ÇAKABEY,A05,5128,118,113,118,1/1/1980
346,B1,GC01,ÇAKABEY,A06,5129,118,113,118,1/1/1980
347,B1,GC01,ÇAKABEY,A07,5130,118,113,118,1/1/1980
348,B1,GC01,ÇAKABEY,A08,5131,118,113,118,1/1/1980
349,B1,GC01,ÇAKABEY,A09,5132,118,113,118,1/1/1980
350,B1,GC01,ÇAKABEY,A10,5133,118,113,118,1/1/1980
351,B1,GC01,ÇAKABEY,B01,5134,118,113,118,1/1/1980
352,B1,GC01,ÇAKABEY,B02,5135,118,113,118,1/1/1980
353,B1,GC01,ÇAKABEY,B03,5136,118,113,118,1/1/1980
354,B1,GC01,ÇAKABEY,B04,5137,118,113,118,1/1/1980
355,B1,GC01,ÇAKABEY,B05,5138,118,113,118,1/1/1980
356,B1,GC01,ÇAKABEY,B06,5139,118,113,118,1/1/1980
357,B1,GC01,ÇAKABEY,B07,5140,118,113,118,1/1/1980
358,B1,GC01,ÇAKABEY,B08,5141,118,113,118,1/1/1980
359,B1,GC01,ÇAKABEY,B09,5142,118,113,118,1/1/1980
360,B1,GC01,ÇAKABEY,B10,5143,118,113,118,1/1/1980
361,B2,GO01,ÇANAKKALE,A01,5340,118,113,118,1/1/1980
362,B2,GO01,ÇANAKKALE,A02,5341,118,113,118,1/1/1980
363,B2,GO01,ÇANAKKALE,A03,5342,118,113,118,1/1/1980
364,B2,GO01,ÇANAKKALE,A04,5343,118,113,118,1/1/1980
365,B2,GO01,ÇANAKKALE,A05,5344,118,113,118,1/1/1980
366,B2,GO01,ÇANAKKALE,A06,5345,118,113,118,1/1/1980
367,B2,GO01,ÇANAKKALE,A07,5346,118,113,118,1/1/1980
368,B2,GO01,ÇANAKKALE,A08,5347,118,113,118,1/1/1980
369,B2,GO01,ÇANAKKALE,A09,5348,118,113,118,1/1/1980
370,B2,GO01,ÇANAKKALE,A10,5349,118,113,118,1/1/1980
371,B2,GO01,ÇANAKKALE,B01,5350,118,113,118,1/1/1980
372,B2,GO01,ÇANAKKALE,B02,5351,118,113,118,1/1/1980
373,B2,GO01,ÇANAKKALE,B03,5352,118,113,118,1/1/1980
374,B2,GO01,ÇANAKKALE,B04,5353,118,113,118,1/1/1980
375,B2,GO01,ÇANAKKALE,B05,5354,118,113,118,1/1/1980
376,B2,GO01,ÇANAKKALE,B06,5355,118,113,118,1/1/1980
377,B2,GO01,ÇANAKKALE,B07,5356,118,113,118,1/1/1980
378,B2,GO01,ÇANAKKALE,B08,5357,118,113,118,1/1/1980
379,B2,GO01,ÇANAKKALE,B09,5358,118,113,118,1/1/1980
380,B2,GO01,ÇANAKKALE,B10,5359,118,113,118,1/1/1980
381,B1,GC03,CERBE,A01,5144,145,139,120,1/1/1980
382,B1,GC03,CERBE,A02,5145,145,139,120,1/1/1980
383,B1,GC03,CERBE,A03,5146,145,139,120,1/1/1980
384,B1,GC03,CERBE,A04,5147,145,139,120,1/1/1980
385,B1,GC03,CERBE,A05,5148,145,139,120,1/1/1980
386,B1,GC03,CERBE,A06,5149,145,139,120,1/1/1980
387,B1,GC03,CERBE,A07,5150,145,139,120,1/1/1980
388,B1,GC03,CERBE,A08,5151,145,139,120,1/1/1980
389,B1,GC03,CERBE,B01,5152,145,139,120,1/1/1980
390,B1,GC03,CERBE,B02,5153,145,139,120,1/1/1980
391,B1,GC03,CERBE,B03,5154,145,139,120,1/1/1980
392,B1,GC03,CERBE,B04,5155,145,139,120,1/1/1980
393,B1,GC03,CERBE,B05,5156,145,139,120,1/1/1980
394,B1,GC03,CERBE,B06,5157,145,139,120,1/1/1980
395,B1,GC03,CERBE,B07,5158,145,139,120,1/1/1980
396,B1,GC03,CERBE,B08,5159,145,139,120,1/1/1980
397,B1,GD01,DEMİRHİSAR,A01,5160,145,139,120,1/1/1980
398,B1,GD01,DEMİRHİSAR,A02,5161,145,139,120,1/1/1980
399,B1,GD01,DEMİRHİSAR,A03,5162,145,139,120,1/1/1980
400,B1,GD01,DEMİRHİSAR,A04,5163,145,139,120,1/1/1980
401,B1,GD01,DEMİRHİSAR,A05,5164,145,139,120,1/1/1980
402,B1,GD01,DEMİRHİSAR,A06,5165,145,139,120,1/1/1980
403,B1,GD01,DEMİRHİSAR,A07,5166,145,139,120,1/1/1980
404,B1,GD01,DEMİRHİSAR,A08,5167,145,139,120,1/1/1980
405,B1,GD01,DEMİRHİSAR,B01,5168,145,139,120,1/1/1980
406,B1,GD01,DEMİRHİSAR,B02,5169,145,139,120,1/1/1980
407,B1,GD01,DEMİRHİSAR,B03,5170,145,139,120,1/1/1980
408,B1,GD01,DEMİRHİSAR,B04,5171,145,139,120,1/1/1980
409,B1,GD01,DEMİRHİSAR,B05,5172,145,139,120,1/1/1980
410,B1,GD01,DEMİRHİSAR,B06,5173,145,139,120,1/1/1980
411,B1,GD01,DEMİRHİSAR,B07,5174,145,139,120,1/1/1980
412,B1,GD01,DEMİRHİSAR,B08,5175,145,139,120,1/1/1980
413,D,GD04,DOĞU,A01,6484,80,73,80,1/1/1980
414,D,GD04,DOĞU,A02,6485,80,73,80,1/1/1980
415,D,GD04,DOĞU,A03,6486,90,83,90,1/1/1980
416,D,GD04,DOĞU,A04,6487,90,83,90,1/1/1980
417,D,GD04,DOĞU,A05,6488,90,83,90,1/1/1980
418,D,GD04,DOĞU,A06,6489,90,83,90,1/1/1980
419,D,GD04,DOĞU,A07,6490,90,83,90,1/1/1980
420,D,GD04,DOĞU,A08,6491,90,83,90,1/1/1980
421,D,GD04,DOĞU,B01,6492,80,73,80,1/1/1980
422,D,GD04,DOĞU,B02,6493,80,73,80,1/1/1980
423,D,GD04,DOĞU,B03,6494,90,83,90,1/1/1980
424,D,GD04,DOĞU,B04,6495,90,83,90,1/1/1980
425,D,GD04,DOĞU,B05,6496,90,83,90,1/1/1980
426,D,GD04,DOĞU,B06,6497,90,83,90,1/1/1980
427,D,GD04,DOĞU,B07,6498,90,83,90,1/1/1980
428,D,GD04,DOĞU,B08,6499,90,83,90,1/1/1980
429,B1,GD03,DUMLUPINAR,A01,5176,145,139,120,1/1/1980
430,B1,GD03,DUMLUPINAR,A02,5177,145,139,120,1/1/1980
431,B1,GD03,DUMLUPINAR,A03,5178,145,139,120,1/1/1980
432,B1,GD03,DUMLUPINAR,A04,5179,145,139,120,1/1/1980
433,B1,GD03,DUMLUPINAR,A05,5180,145,139,120,1/1/1980
434,B1,GD03,DUMLUPINAR,A06,5181,145,139,120,1/1/1980
435,B1,GD03,DUMLUPINAR,A07,5182,145,139,120,1/1/1980
436,B1,GD03,DUMLUPINAR,A08,5183,145,139,120,1/1/1980
437,B1,GD03,DUMLUPINAR,B01,5184,145,139,120,1/1/1980
438,B1,GD03,DUMLUPINAR,B02,5185,145,139,120,1/1/1980
439,B1,GD03,DUMLUPINAR,B03,5186,145,139,120,1/1/1980
440,B1,GD03,DUMLUPINAR,B04,5187,145,139,120,1/1/1980
441,B1,GD03,DUMLUPINAR,B05,5188,145,139,120,1/1/1980
442,B1,GD03,DUMLUPINAR,B06,5189,145,139,120,1/1/1980
443,B1,GD03,DUMLUPINAR,B07,5190,145,139,120,1/1/1980
444,B1,GD03,DUMLUPINAR,B08,5191,145,139,120,1/1/1980
445,B2,GU01,FATİH,A01,5646,118,113,118,1/1/1980
446,B2,GU01,FATİH,A02,5647,118,113,118,1/1/1980
447,B2,GU01,FATİH,A03,5648,118,113,118,1/1/1980
448,B2,GU01,FATİH,A04,5649,118,113,118,1/1/1980
449,B2,GU01,FATİH,A05,5650,118,113,118,1/1/1980
450,B2,GU01,FATİH,A06,5651,118,113,118,1/1/1980
451,B2,GU01,FATİH,A07,5652,118,113,118,1/1/1980
452,B2,GU01,FATİH,A08,5653,118,113,118,1/1/1980
453,B2,GU01,FATİH,A09,5654,118,113,118,1/1/1980
454,B2,GU01,FATİH,A10,5655,118,113,118,1/1/1980
455,B2,GU01,FATİH,B01,5656,118,113,118,1/1/1980
456,B2,GU01,FATİH,B02,5657,118,113,118,1/1/1980
457,B2,GU01,FATİH,B03,5658,118,113,118,1/1/1980
458,B2,GU01,FATİH,B04,5659,118,113,118,1/1/1980
459,B2,GU01,FATİH,B05,5660,118,113,118,1/1/1980
460,B2,GU01,FATİH,B06,5661,118,113,118,1/1/1980
461,B2,GU01,FATİH,B07,5662,118,113,118,1/1/1980
462,B2,GU01,FATİH,B08,5663,118,113,118,1/1/1980
463,B2,GU01,FATİH,B09,5664,118,113,118,1/1/1980
464,B2,GU01,FATİH,B10,5665,118,113,118,1/1/1980
465,D,GF02,FIRTINA,A02,6048,106,96,106,1/1/1980
466,D,GF02,FIRTINA,A03,6049,106,96,106,1/1/1980
467,D,GF02,FIRTINA,A04,6050,106,96,106,1/1/1980
468,D,GF02,FIRTINA,A05,6051,106,96,106,1/1/1980
469,D,GF02,FIRTINA,A06,6052,106,96,106,1/1/1980
470,D,GF02,FIRTINA,A07,,106,96,106,1/1/1980
471,D,GF02,FIRTINA,A08,6053,106,96,106,1/1/1980
472,D,GF02,FIRTINA,A09,6054,106,96,106,1/1/1980
473,D,GF02,FIRTINA,A10,6055,106,96,106,1/1/1980
474,D,GF02,FIRTINA,A11,6056,106,96,106,1/1/1980
475,D,GF02,FIRTINA,B02,6057,106,96,106,1/1/1980
476,D,GF02,FIRTINA,B03,6058,106,96,106,1/1/1980
477,D,GF02,FIRTINA,B04,6059,106,96,106,1/1/1980
478,D,GF02,FIRTINA,B05,6060,106,96,106,1/1/1980
479,D,GF02,FIRTINA,B06,6061,106,96,106,1/1/1980
480,D,GF02,FIRTINA,B07,6062,106,96,106,1/1/1980
481,D,GF02,FIRTINA,B08,6063,106,96,106,1/1/1980
482,D,GF02,FIRTINA,B09,6064,106,96,106,1/1/1980
483,D,GF02,FIRTINA,B10,6065,106,96,106,1/1/1980
484,D,GF02,FIRTINA,B11,6066,106,96,106,1/1/1980
485,B1,GG02,GAYRET,A01,5192,145,139,120,1/1/1980
486,B1,GG02,GAYRET,A02,5193,145,139,120,1/1/1980
487,B1,GG02,GAYRET,A03,5194,145,139,120,1/1/1980
488,B1,GG02,GAYRET,A04,5195,145,139,120,1/1/1980
489,B1,GG02,GAYRET,A05,5196,145,139,120,1/1/1980
490,B1,GG02,GAYRET,A06,5197,145,139,120,1/1/1980
491,B1,GG02,GAYRET,A07,5198,145,139,120,1/1/1980
492,B1,GG02,GAYRET,A08,5199,145,139,120,1/1/1980
493,B1,GG02,GAYRET,B01,5212,145,139,120,1/1/1980
494,B1,GG02,GAYRET,B02,5213,145,139,120,1/1/1980
495,B1,GG02,GAYRET,B03,5214,145,139,120,1/1/1980
496,B1,GG02,GAYRET,B04,5215,145,139,120,1/1/1980
497,B1,GG02,GAYRET,B05,5216,145,139,120,1/1/1980
498,B1,GG02,GAYRET,B06,5217,145,139,120,1/1/1980
499,B1,GG02,GAYRET,B07,5218,145,139,120,1/1/1980
500,B1,GG02,GAYRET,B08,5219,145,139,120,1/1/1980
501,B2,GH02,HIZIRREİS,A01,5220,118,113,118,1/1/1980
502,B2,GH02,HIZIRREİS,A02,5221,118,113,118,1/1/1980
503,B2,GH02,HIZIRREİS,A03,5222,118,113,118,1/1/1980
504,B2,GH02,HIZIRREİS,A04,5223,118,113,118,1/1/1980
505,B2,GH02,HIZIRREİS,A05,5224,118,113,118,1/1/1980
506,B2,GH02,HIZIRREİS,A06,5225,118,113,118,1/1/1980
507,B2,GH02,HIZIRREİS,A07,5226,118,113,118,1/1/1980
508,B2,GH02,HIZIRREİS,A08,5227,118,113,118,1/1/1980
509,B2,GH02,HIZIRREİS,A09,5228,118,113,118,1/1/1980
510,B2,GH02,HIZIRREİS,A10,5229,118,113,118,1/1/1980
511,B2,GH02,HIZIRREİS,B01,5230,118,113,118,1/1/1980
512,B2,GH02,HIZIRREİS,B02,5231,118,113,118,1/1/1980
513,B2,GH02,HIZIRREİS,B03,5232,118,113,118,1/1/1980
514,B2,GH02,HIZIRREİS,B04,5233,118,113,118,1/1/1980
515,B2,GH02,HIZIRREİS,B05,5234,118,113,118,1/1/1980
516,B2,GH02,HIZIRREİS,B06,5235,118,113,118,1/1/1980
517,B2,GH02,HIZIRREİS,B07,5236,118,113,118,1/1/1980
518,B2,GH02,HIZIRREİS,B08,5237,118,113,118,1/1/1980
519,B2,GH02,HIZIRREİS,B09,5238,118,113,118,1/1/1980
520,B2,GH02,HIZIRREİS,B10,5239,118,113,118,1/1/1980
521,D,GK01,KALYON,A01,6120,118,113,118,1/1/1980
522,D,GK01,KALYON,A02,6121,118,113,118,1/1/1980
523,D,GK01,KALYON,A03,6122,118,113,118,1/1/1980
524,D,GK01,KALYON,A04,6123,118,113,118,1/1/1980
525,D,GK01,KALYON,A05,6124,118,113,118,1/1/1980
526,D,GK01,KALYON,A06,6125,118,113,118,1/1/1980
527,D,GK01,KALYON,A07,6126,118,113,118,1/1/1980
528,D,GK01,KALYON,A08,6127,118,113,118,1/1/1980
529,D,GK01,KALYON,A09,6128,118,113,118,1/1/1980
530,D,GK01,KALYON,A10,6129,118,113,118,1/1/1980
531,D,GK01,KALYON,B01,6130,118,113,118,1/1/1980
532,D,GK01,KALYON,B02,6131,118,113,118,1/1/1980
533,D,GK01,KALYON,B03,6132,118,113,118,1/1/1980
534,D,GK01,KALYON,B04,6133,118,113,118,1/1/1980
535,D,GK01,KALYON,B05,6134,118,113,118,1/1/1980
536,D,GK01,KALYON,B06,6135,118,113,118,1/1/1980
537,D,GK01,KALYON,B07,6136,118,113,118,1/1/1980
538,D,GK01,KALYON,B08,6137,118,113,118,1/1/1980
539,D,GK01,KALYON,B09,6138,118,113,118,1/1/1980
540,D,GK01,KALYON,B10,6139,118,113,118,1/1/1980
541,D,GKO6,KARTAL,A01,6668,80,73,80,1/1/1980
542,D,GKO6,KARTAL,A02,6669,80,73,80,1/1/1980
543,D,GKO6,KARTAL,A03,6670,80,73,80,1/1/1980
544,D,GKO6,KARTAL,A04,6671,80,73,80,1/1/1980
545,D,GKO6,KARTAL,A05,6672,80,73,80,1/1/1980
546,D,GKO6,KARTAL,A06,6673,80,73,80,1/1/1980
547,D,GKO6,KARTAL,A07,6674,80,73,80,1/1/1980
548,D,GKO6,KARTAL,A08,6675,80,73,80,1/1/1980
549,D,GK02,KASIRGA,A02,6140,145,113,118,1/1/1980
550,D,GK02,KASIRGA,A03,6141,145,113,118,1/1/1980
551,D,GK02,KASIRGA,A04,6142,145,113,118,1/1/1980
552,D,GK02,KASIRGA,A05,6143,145,113,118,1/1/1980
553,D,GK02,KASIRGA,A06,6144,145,113,118,1/1/1980
554,D,GK02,KASIRGA,A07,6145,145,113,118,1/1/1980
555,D,GK02,KASIRGA,A08,6146,145,113,118,1/1/1980
556,D,GK02,KASIRGA,A09,6147,145,113,118,1/1/1980
557,D,GK02,KASIRGA,A10,6148,145,113,118,1/1/1980
558,D,GK02,KASIRGA,A11,6149,145,113,118,1/1/1980
559,D,GK02,KASIRGA,B02,6150,145,113,118,1/1/1980
560,D,GK02,KASIRGA,B03,6151,145,113,118,1/1/1980
561,D,GK02,KASIRGA,B04,6152,145,113,118,1/1/1980
562,D,GK02,KASIRGA,B05,6153,145,113,118,1/1/1980
563,D,GK02,KASIRGA,B06,6154,145,113,118,1/1/1980
564,D,GK02,KASIRGA,B07,6155,145,113,118,1/1/1980
565,D,GK02,KASIRGA,B08,6156,145,113,118,1/1/1980
566,D,GK02,KASIRGA,B09,6157,145,113,118,1/1/1980
567,D,GK02,KASIRGA,B10,6158,145,113,118,1/1/1980
568,D,GK02,KASIRGA,B11,6159,145,113,118,1/1/1980
569,B1,GK03,KOCATEPE,A01,5240,145,139,120,1/1/1980
570,B1,GK03,KOCATEPE,A02,5241,145,139,120,1/1/1980
571,B1,GK03,KOCATEPE,A03,5242,145,139,120,1/1/1980
572,B1,GK03,KOCATEPE,A04,5243,145,139,120,1/1/1980
573,B1,GK03,KOCATEPE,A05,5244,145,139,120,1/1/1980
574,B1,GK03,KOCATEPE,A06,5245,145,139,120,1/1/1980
575,B1,GK03,KOCATEPE,A07,5246,145,139,120,1/1/1980
576,B1,GK03,KOCATEPE,A08,5247,145,139,120,1/1/1980
577,B1,GK03,KOCATEPE,B01,5248,145,139,120,1/1/1980
578,B1,GK03,KOCATEPE,B02,5249,145,139,120,1/1/1980
579,B1,GK03,KOCATEPE,B03,5250,145,139,120,1/1/1980
580,B1,GK03,KOCATEPE,B04,5251,145,139,120,1/1/1980
581,B1,GK03,KOCATEPE,B05,5252,145,139,120,1/1/1980
582,B1,GK03,KOCATEPE,B06,5253,145,139,120,1/1/1980
583,B1,GK03,KOCATEPE,B07,5254,145,139,120,1/1/1980
584,B1,GK03,KOCATEPE,B08,5255,145,139,120,1/1/1980
585,B1,GK04,KOÇHİSAR,A01,5256,145,139,120,1/1/1980
586,B1,GK04,KOÇHİSAR,A02,5257,145,139,120,1/1/1980
587,B1,GK04,KOÇHİSAR,A03,5258,145,139,120,1/1/1980
588,B1,GK04,KOÇHİSAR,A04,5259,145,139,120,1/1/1980
589,B1,GK04,KOÇHİSAR,A05,5260,145,139,120,1/1/1980
590,B1,GK04,KOÇHİSAR,A06,5261,145,139,120,1/1/1980
591,B1,GK04,KOÇHİSAR,A07,5262,145,139,120,1/1/1980
592,B1,GK04,KOÇHİSAR,A08,5263,145,139,120,1/1/1980
593,B1,GK04,KOÇHİSAR,B02,5265,145,139,120,1/1/1980
594,B1,GK04,KOÇHİSAR,B03,5266,145,139,120,1/1/1980
595,B1,GK04,KOÇHİSAR,B04,5267,145,139,120,1/1/1980
596,B1,GK04,KOÇHİSAR,B05,5268,145,139,120,1/1/1980
597,B1,GK04,KOÇHİSAR,B06,5269,145,139,120,1/1/1980
598,B1,GK04,KOÇHİSAR,B07,5270,145,139,120,1/1/1980
599,B1,GK04,KOÇHİSAR,B08,5271,145,139,120,1/1/1980
600,B1,GK04,KOÇHİSAR ,B01,5264,145,139,120,1/1/1980
601,D,GL01,LEVENT,A01,6160,118,113,118,1/1/1980
602,D,GL01,LEVENT,A02,6161,118,113,118,1/1/1980
603,D,GL01,LEVENT,A03,6162,118,113,118,1/1/1980
604,D,GL01,LEVENT,A04,6163,118,113,118,1/1/1980
605,D,GL01,LEVENT,A05,6164,118,113,118,1/1/1980
606,D,GL01,LEVENT,A06,6165,118,113,118,1/1/1980
607,D,GL01,LEVENT,A07,6166,118,113,118,1/1/1980
608,D,GL01,LEVENT,A08,6167,118,113,118,1/1/1980
609,D,GL01,LEVENT,A09,6168,118,113,118,1/1/1980
610,D,GL01,LEVENT,A10,6169,118,113,118,1/1/1980
611,D,GL01,LEVENT,B01,6170,118,113,118,1/1/1980
612,D,GL01,LEVENT,B02,6171,118,113,118,1/1/1980
613,D,GL01,LEVENT,B03,6172,118,113,118,1/1/1980
614,D,GL01,LEVENT,B04,6173,118,113,118,1/1/1980
615,D,GL01,LEVENT,B05,6174,118,113,118,1/1/1980
616,D,GL01,LEVENT,B06,6175,118,113,118,1/1/1980
617,D,GL01,LEVENT,B07,6176,118,113,118,1/1/1980
618,D,GL01,LEVENT,B08,6177,118,113,118,1/1/1980
619,D,GL01,LEVENT,B09,6178,118,113,118,1/1/1980
620,D,GL01,LEVENT,B10,6179,118,113,118,1/1/1980
621,B2,GM09,MARMARİS,A01,5790,118,113,118,1/1/1980
622,B2,GM09,MARMARİS,A02,5791,118,113,118,1/1/1980
623,B2,GM09,MARMARİS,A03,5792,118,113,118,1/1/1980
624,B2,GM09,MARMARİS,A04,5793,118,113,118,1/1/1980
625,B2,GM09,MARMARİS,A05,5794,118,113,118,1/1/1980
626,B2,GM09,MARMARİS,A06,5795,118,113,118,1/1/1980
627,B2,GM09,MARMARİS,A07,5796,118,113,118,1/1/1980
628,B2,GM09,MARMARİS,A08,5797,118,113,118,1/1/1980
629,B2,GM09,MARMARİS,A09,5798,118,113,118,1/1/1980
630,B2,GM09,MARMARİS,A10,5799,118,113,118,1/1/1980
631,B2,GM09,MARMARİS,B01,5812,118,113,118,1/1/1980
632,B2,GM09,MARMARİS,B02,5813,118,113,118,1/1/1980
633,B2,GM09,MARMARİS,B03,5814,118,113,118,1/1/1980
634,B2,GM09,MARMARİS,B04,5815,118,113,118,1/1/1980
635,B2,GM09,MARMARİS,B05,5816,118,113,118,1/1/1980
636,B2,GM09,MARMARİS,B06,5817,118,113,118,1/1/1980
637,B2,GM09,MARMARİS,B07,5818,118,113,118,1/1/1980
638,B2,GM09,MARMARİS,B08,5819,118,113,118,1/1/1980
639,B2,GM09,MARMARİS,B09,5820,118,113,118,1/1/1980
640,B2,GM09,MARMARİS,B10,5821,118,113,118,1/1/1980
641,D,GM10,MARTI,A01,6576,80,73,80,1/1/1980
642,D,GM10,MARTI,A02,6577,80,73,80,1/1/1980
643,D,GM10,MARTI,A03,6578,90,83,90,1/1/1980
644,D,GM10,MARTI,A04,6579,90,83,90,1/1/1980
645,D,GM10,MARTI,A05,6580,90,83,90,1/1/1980
646,D,GM10,MARTI,A06,6581,90,83,90,1/1/1980
647,D,GM10,MARTI,A07,6582,90,83,90,1/1/1980
648,D,GM10,MARTI,A08,6583,90,83,90,1/1/1980
649,D,GM10,MARTI,B01,6584,80,73,80,1/1/1980
650,D,GM10,MARTI,B02,6585,80,73,80,1/1/1980
651,D,GM10,MARTI,B03,6586,90,83,90,1/1/1980
652,D,GM10,MARTI,B04,6587,90,83,90,1/1/1980
653,D,GM10,MARTI,B05,6588,90,83,90,1/1/1980
654,D,GM10,MARTI,B06,6589,90,83,90,1/1/1980
655,D,GM10,MARTI,B07,6589,90,83,90,1/1/1980
656,D,GM10,MARTI,B08,6591,90,83,90,1/1/1980
657,D,GM01,MELTEM,A02,6180,145,113,118,1/1/1980
658,D,GM01,MELTEM,A03,6181,145,113,118,1/1/1980
659,D,GM01,MELTEM,A04,6182,145,113,118,1/1/1980
660,D,GM01,MELTEM,A05,6183,145,113,118,1/1/1980
661,D,GM01,MELTEM,A06,6184,145,113,118,1/1/1980
662,D,GM01,MELTEM,A07,6185,145,113,118,1/1/1980
663,D,GM01,MELTEM,A08,6186,145,113,118,1/1/1980
664,D,GM01,MELTEM,A09,6187,145,113,118,1/1/1980
665,D,GM01,MELTEM,A10,6188,145,113,118,1/1/1980
666,D,GM01,MELTEM,A11,6189,145,113,118,1/1/1980
667,D,GM01,MELTEM,B02,6190,145,113,118,1/1/1980
668,D,GM01,MELTEM,B03,6191,145,113,118,1/1/1980
669,D,GM01,MELTEM,B04,6192,145,113,118,1/1/1980
670,D,GM01,MELTEM,B05,6193,145,113,118,1/1/1980
671,D,GM01,MELTEM,B06,6194,145,113,118,1/1/1980
672,D,GM01,MELTEM,B07,6195,145,113,118,1/1/1980
673,D,GM01,MELTEM,B08,6196,145,113,118,1/1/1980
674,D,GM01,MELTEM,B09,6197,145,113,118,1/1/1980
675,D,GM01,MELTEM,B10,6198,145,113,118,1/1/1980
676,D,GM01,MELTEM,B11,6199,145,113,118,1/1/1980
677,B2,GM08,MERİÇ,A01,5822,118,113,118,1/1/1980
678,B2,GM08,MERİÇ,A02,5823,118,113,118,1/1/1980
679,B2,GM08,MERİÇ,A03,5824,118,113,118,1/1/1980
680,B2,GM08,MERİÇ,A04,5825,118,113,118,1/1/1980
681,B2,GM08,MERİÇ,A05,5826,118,113,118,1/1/1980
682,B2,GM08,MERİÇ,A06,5827,118,113,118,1/1/1980
683,B2,GM08,MERİÇ,A07,5828,118,113,118,1/1/1980
684,B2,GM08,MERİÇ,A08,5829,118,113,118,1/1/1980
685,B2,GM08,MERİÇ,A09,5830,118,113,118,1/1/1980
686,B2,GM08,MERİÇ,A10,5831,118,113,118,1/1/1980
687,B2,GM08,MERİÇ,B01,5832,118,113,118,1/1/1980
688,B2,GM08,MERİÇ,B02,5833,118,113,118,1/1/1980
689,B2,GM08,MERİÇ,B03,5834,118,113,118,1/1/1980
690,B2,GM08,MERİÇ,B04,5835,118,113,118,1/1/1980
691,B2,GM08,MERİÇ,B05,5836,118,113,118,1/1/1980
692,B2,GM08,MERİÇ,B06,5837,118,113,118,1/1/1980
693,B2,GM08,MERİÇ,B07,5838,118,113,118,1/1/1980
694,B2,GM08,MERİÇ,B08,5839,118,113,118,1/1/1980
695,B2,GM08,MERİÇ,B09,5840,118,113,118,1/1/1980
696,B2,GM08,MERİÇ,B10,5841,118,113,118,1/1/1980
697,B2,GM03,MERSİN,A01,5842,118,113,118,1/1/1980
698,B2,GM03,MERSİN,A02,5843,118,113,118,1/1/1980
699,B2,GM03,MERSİN,A03,5844,118,113,118,1/1/1980
700,B2,GM03,MERSİN,A04,5845,118,113,118,1/1/1980
701,B2,GM03,MERSİN,A05,5846,118,113,118,1/1/1980
702,B2,GM03,MERSİN,A06,5847,118,113,118,1/1/1980
703,B2,GM03,MERSİN,A07,5848,118,113,118,1/1/1980
704,B2,GM03,MERSİN,A08,5849,118,113,118,1/1/1980
705,B2,GM03,MERSİN,A09,5850,118,113,118,1/1/1980
706,B2,GM03,MERSİN,A10,5851,118,113,118,1/1/1980
707,B2,GM03,MERSİN,B01,5852,118,113,118,1/1/1980
708,B2,GM03,MERSİN,B02,5853,118,113,118,1/1/1980
709,B2,GM03,MERSİN,B03,5854,118,113,118,1/1/1980
710,B2,GM03,MERSİN,B04,5855,118,113,118,1/1/1980
711,B2,GM03,MERSİN,B05,5856,118,113,118,1/1/1980
712,B2,GM03,MERSİN,B06,5857,118,113,118,1/1/1980
713,B2,GM03,MERSİN,B07,5858,118,113,118,1/1/1980
714,B2,GM03,MERSİN,B08,5859,118,113,118,1/1/1980
715,B2,GM03,MERSİN,B09,5860,118,113,118,1/1/1980
716,B2,GM03,MERSİN,B10,5861,118,113,118,1/1/1980
717,B2,GM04,MORDOĞAN,A01,5882,118,113,118,1/1/1980
718,B2,GM04,MORDOĞAN,A02,5883,118,113,118,1/1/1980
719,B2,GM04,MORDOĞAN,A03,5884,118,113,118,1/1/1980
720,B2,GM04,MORDOĞAN,A04,5885,118,113,118,1/1/1980
721,B2,GM04,MORDOĞAN,A05,5886,118,113,118,1/1/1980
722,B2,GM04,MORDOĞAN,A06,5887,118,113,118,1/1/1980
723,B2,GM04,MORDOĞAN,A07,5888,118,113,118,1/1/1980
724,B2,GM04,MORDOĞAN,A08,5889,118,113,118,1/1/1980
725,B2,GM04,MORDOĞAN,A09,5890,118,113,118,1/1/1980
726,B2,GM04,MORDOĞAN,A10,5891,118,113,118,1/1/1980
727,B2,GM04,MORDOĞAN,B01,5892,118,113,118,1/1/1980
728,B2,GM04,MORDOĞAN,B02,5893,118,113,118,1/1/1980
729,B2,GM04,MORDOĞAN,B03,5894,118,113,118,1/1/1980
730,B2,GM04,MORDOĞAN,B04,5895,118,113,118,1/1/1980
731,B2,GM04,MORDOĞAN,B05,5896,118,113,118,1/1/1980
732,B2,GM04,MORDOĞAN,B06,5897,118,113,118,1/1/1980
733,B2,GM04,MORDOĞAN,B07,5898,118,113,118,1/1/1980
734,B2,GM04,MORDOĞAN,B08,5899,118,113,118,1/1/1980
735,B2,GM04,MORDOĞAN,B09,5912,118,113,118,1/1/1980
736,B2,GM04,MORDOĞAN,B10,5913,118,113,118,1/1/1980
737,B1,GM05,MUAVENET,A01,5272,145,139,120,1/1/1980
738,B1,GM05,MUAVENET,A02,5273,145,139,120,1/1/1980
739,B1,GM05,MUAVENET,A03,5274,145,139,120,1/1/1980
740,B1,GM05,MUAVENET,A04,5275,145,139,120,1/1/1980
741,B1,GM05,MUAVENET,A05,5276,145,139,120,1/1/1980
742,B1,GM05,MUAVENET,A06,5277,145,139,120,1/1/1980
743,B1,GM05,MUAVENET,A07,5278,145,139,120,1/1/1980
744,B1,GM05,MUAVENET,A08,5279,145,139,120,1/1/1980
745,B1,GM05,MUAVENET,B01,5280,145,139,120,1/1/1980
746,B1,GM05,MUAVENET,B02,5281,145,139,120,1/1/1980
747,B1,GM05,MUAVENET,B03,5282,145,139,120,1/1/1980
748,B1,GM05,MUAVENET,B04,5283,145,139,120,1/1/1980
749,B1,GM05,MUAVENET,B05,5284,145,139,120,1/1/1980
750,B1,GM05,MUAVENET,B06,5285,145,139,120,1/1/1980
751,B1,GM05,MUAVENET,B07,5286,145,139,120,1/1/1980
752,B1,GM05,MUAVENET,B08,5287,145,139,120,1/1/1980
753,B2,GM06,MURATREİS,A01,5288,118,113,118,1/1/1980
754,B2,GM06,MURATREİS,A02,5289,118,113,118,1/1/1980
755,B2,GM06,MURATREİS,A03,5290,118,113,118,1/1/1980
756,B2,GM06,MURATREİS,A04,5291,118,113,118,1/1/1980
757,B2,GM06,MURATREİS,A05,5292,118,113,118,1/1/1980
758,B2,GM06,MURATREİS,A06,5293,118,113,118,1/1/1980
759,B2,GM06,MURATREİS,A07,5294,118,113,118,1/1/1980
760,B2,GM06,MURATREİS,A08,5295,118,113,118,1/1/1980
761,B2,GM06,MURATREİS,A09,5296,118,113,118,1/1/1980
762,B2,GM06,MURATREİS,A10,5297,118,113,118,1/1/1980
763,B2,GM06,MURATREİS,B01,5298,118,113,118,1/1/1980
764,B2,GM06,MURATREİS,B02,5299,118,113,118,1/1/1980
765,B2,GM06,MURATREİS,B03,5312,118,113,118,1/1/1980
766,B2,GM06,MURATREİS,B04,5313,118,113,118,1/1/1980
767,B2,GM06,MURATREİS,B05,5314,118,113,118,1/1/1980
768,B2,GM06,MURATREİS,B06,5315,118,113,118,1/1/1980
769,B2,GM06,MURATREİS,B07,5316,118,113,118,1/1/1980
770,B2,GM06,MURATREİS,B08,5317,118,113,118,1/1/1980
771,B2,GM06,MURATREİS,B09,5318,118,113,118,1/1/1980
772,B2,GM06,MURATREİS,B10,5319,118,113,118,1/1/1980
773,B2,GM07,MÜREFTE,A01,5862,118,113,118,1/1/1980
774,B2,GM07,MÜREFTE,A02,5863,118,113,118,1/1/1980
775,B2,GM07,MÜREFTE,A03,5864,118,113,118,1/1/1980
776,B2,GM07,MÜREFTE,A04,5865,118,113,118,1/1/1980
777,B2,GM07,MÜREFTE,A05,5866,118,113,118,1/1/1980
778,B2,GM07,MÜREFTE,A06,5867,118,113,118,1/1/1980
779,B2,GM07,MÜREFTE,A07,5868,118,113,118,1/1/1980
780,B2,GM07,MÜREFTE,A08,5869,118,113,118,1/1/1980
781,B2,GM07,MÜREFTE,A09,5870,118,113,118,1/1/1980
782,B2,GM07,MÜREFTE,A10,5871,118,113,118,1/1/1980
783,B2,GM07,MÜREFTE,B01,5872,118,113,118,1/1/1980
784,B2,GM07,MÜREFTE,B02,5873,118,113,118,1/1/1980
785,B2,GM07,MÜREFTE,B03,5874,118,113,118,1/1/1980
786,B2,GM07,MÜREFTE,B04,5875,118,113,118,1/1/1980
787,B2,GM07,MÜREFTE,B05,5876,118,113,118,1/1/1980
788,B2,GM07,MÜREFTE,B06,5877,118,113,118,1/1/1980
789,B2,GM07,MÜREFTE,B07,5878,118,113,118,1/1/1980
790,B2,GM07,MÜREFTE,B08,5879,118,113,118,1/1/1980
791,B2,GM07,MÜREFTE,B09,5880,118,113,118,1/1/1980
792,B2,GM07,MÜREFTE,B10,5881,118,113,118,1/1/1980
793,B2,GO02,ORUÇREİS,A01,5914,118,113,118,1/1/1980
794,B2,GO02,ORUÇREİS,A02,5915,118,113,118,1/1/1980
795,B2,GO02,ORUÇREİS,A03,5916,118,113,118,1/1/1980
796,B2,GO02,ORUÇREİS,A04,5917,118,113,118,1/1/1980
797,B2,GO02,ORUÇREİS,A05,5918,118,113,118,1/1/1980
798,B2,GO02,ORUÇREİS,A06,5919,118,113,118,1/1/1980
799,B2,GO02,ORUÇREİS,A07,5920,118,113,118,1/1/1980
800,B2,GO02,ORUÇREİS,A08,5921,118,113,118,1/1/1980
801,B2,GO02,ORUÇREİS,A09,5922,118,113,118,1/1/1980
802,B2,GO02,ORUÇREİS,A10,5923,118,113,118,1/1/1980
803,B2,GO02,ORUÇREİS,B01,5360,118,113,118,1/1/1980
804,B2,GO02,ORUÇREİS,B02,5361,118,113,118,1/1/1980
805,B2,GO02,ORUÇREİS,B03,5362,118,113,118,1/1/1980
806,B2,GO02,ORUÇREİS,B04,5363,118,113,118,1/1/1980
807,B2,GO02,ORUÇREİS,B05,5364,118,113,118,1/1/1980
808,B2,GO02,ORUÇREİS,B06,5365,118,113,118,1/1/1980
809,B2,GO02,ORUÇREİS,B07,5366,118,113,118,1/1/1980
810,B2,GO02,ORUÇREİS,B08,5367,118,113,118,1/1/1980
811,B2,GO02,ORUÇREİS,B09,5368,118,113,118,1/1/1980
812,B2,GO02,ORUÇREİS,B10,5369,118,113,118,1/1/1980
813,D,GP01,PELİKAN,A01,,106,96,106,1/1/1980
814,D,GP01,PELİKAN,A02,6232,106,96,106,1/1/1980
815,D,GP01,PELİKAN,A03,6234,106,96,106,1/1/1980
816,D,GP01,PELİKAN,A04,6235,106,96,106,1/1/1980
817,D,GP01,PELİKAN,A05,6236,106,96,106,1/1/1980
818,D,GP01,PELİKAN,A06,6237,106,96,106,1/1/1980
819,D,GP01,PELİKAN,A07,6238,106,96,106,1/1/1980
820,D,GP01,PELİKAN,A08,6239,106,96,106,1/1/1980
821,D,GP01,PELİKAN,A09,6240,106,96,106,1/1/1980
822,D,GP01,PELİKAN,A10,6241,106,96,106,1/1/1980
823,D,GP01,PELİKAN,B01,6242,106,96,106,1/1/1980
824,D,GP01,PELİKAN,B02,6243,106,96,106,1/1/1980
825,D,GP01,PELİKAN,B03,6244,106,96,106,1/1/1980
826,D,GP01,PELİKAN,B04,6245,106,96,106,1/1/1980
827,D,GP01,PELİKAN,B05,6246,106,96,106,1/1/1980
828,D,GP01,PELİKAN,B06,6247,106,96,106,1/1/1980
829,D,GP01,PELİKAN,B07,6248,106,96,106,1/1/1980
830,D,GP01,PELİKAN,B08,6249,106,96,106,1/1/1980
831,D,GP01,PELİKAN,B09,6250,106,96,106,1/1/1980
832,D,GP01,PELİKAN,B10,6250,106,96,106,1/1/1980
833,B1,GP02,PEYK,A01,5370,145,139,120,1/1/1980
834,B1,GP02,PEYK,A02,5371,145,139,120,1/1/1980
835,B1,GP02,PEYK,A03,5372,145,139,120,1/1/1980
836,B1,GP02,PEYK,A04,5373,145,139,120,1/1/1980
837,B1,GP02,PEYK,A05,5374,145,139,120,1/1/1980
838,B1,GP02,PEYK,A06,5375,145,139,120,1/1/1980
839,B1,GP02,PEYK,A07,5376,145,139,120,1/1/1980
840,B1,GP02,PEYK,A08,5377,145,139,120,1/1/1980
841,B1,GP02,PEYK,B01,5378,145,139,120,1/1/1980
842,B1,GP02,PEYK,B02,5379,145,139,120,1/1/1980
843,B1,GP02,PEYK,B03,5380,145,139,120,1/1/1980
844,B1,GP02,PEYK,B04,5381,145,139,120,1/1/1980
845,B1,GP02,PEYK,B05,5382,145,139,120,1/1/1980
846,B1,GP02,PEYK,B06,5383,145,139,120,1/1/1980
847,B1,GP02,PEYK,B07,5384,145,139,120,1/1/1980
848,B1,GP02,PEYK,B08,5385,145,139,120,1/1/1980
849,B2,GP03,PİRİREİS,A01,5434,118,113,118,1/1/1980
850,B2,GP03,PİRİREİS,A02,5435,118,113,118,1/1/1980
851,B2,GP03,PİRİREİS,A03,5436,118,113,118,1/1/1980
852,B2,GP03,PİRİREİS,A04,5437,118,113,118,1/1/1980
853,B2,GP03,PİRİREİS,A05,5438,118,113,118,1/1/1980
854,B2,GP03,PİRİREİS,A06,5439,118,113,118,1/1/1980
855,B2,GP03,PİRİREİS,A07,5440,118,113,118,1/1/1980
856,B2,GP03,PİRİREİS,A08,5441,118,113,118,1/1/1980
857,B2,GP03,PİRİREİS,A09,5443,118,113,118,1/1/1980
858,B2,GP03,PİRİREİS,A10,5443,118,113,118,1/1/1980
859,B2,GP03,PİRİREİS,B01,5444,118,113,118,1/1/1980
860,B2,GP03,PİRİREİS,B02,5445,118,113,118,1/1/1980
861,B2,GP03,PİRİREİS,B03,5446,118,113,118,1/1/1980
862,B2,GP03,PİRİREİS,B04,5447,118,113,118,1/1/1980
863,B2,GP03,PİRİREİS,B05,5448,118,113,118,1/1/1980
864,B2,GP03,PİRİREİS,B06,5449,118,113,118,1/1/1980
865,B2,GP03,PİRİREİS,B07,5450,118,113,118,1/1/1980
866,B2,GP03,PİRİREİS,B08,5451,118,113,118,1/1/1980
867,B2,GP03,PİRİREİS,B09,5452,118,113,118,1/1/1980
868,B2,GP03,PİRİREİS,B10,5453,118,113,118,1/1/1980
869,B2,GP06,POYRAZ,A01,5386,118,113,118,1/1/1980
870,B2,GP06,POYRAZ,A02,5387,118,113,118,1/1/1980
871,B2,GP06,POYRAZ,A03,5388,118,113,118,1/1/1980
872,B2,GP06,POYRAZ,A04,5389,118,113,118,1/1/1980
873,B2,GP06,POYRAZ,A05,5390,118,113,118,1/1/1980
874,B2,GP06,POYRAZ,A06,5391,118,113,118,1/1/1980
875,B2,GP06,POYRAZ,A07,5392,118,113,118,1/1/1980
876,B2,GP06,POYRAZ,A08,5393,118,113,118,1/1/1980
877,B2,GP06,POYRAZ,A09,5394,118,113,118,1/1/1980
878,B2,GP06,POYRAZ,A10,5395,118,113,118,1/1/1980
879,B2,GP06,POYRAZ,B01,5396,118,113,118,1/1/1980
880,B2,GP06,POYRAZ,B02,5397,118,113,118,1/1/1980
881,B2,GP06,POYRAZ,B03,5398,118,113,118,1/1/1980
882,B2,GP06,POYRAZ,B04,5399,118,113,118,1/1/1980
883,B2,GP06,POYRAZ,B05,5412,118,113,118,1/1/1980
884,B2,GP06,POYRAZ,B06,5413,118,113,118,1/1/1980
885,B2,GP06,POYRAZ,B07,5414,118,113,118,1/1/1980
886,B2,GP06,POYRAZ,B08,5415,118,113,118,1/1/1980
887,B2,GP06,POYRAZ,B09,5416,118,113,118,1/1/1980
888,B2,GP06,POYRAZ,B10,5417,118,113,118,1/1/1980
889,B1,GP04,PREVEZE 1,1,5418,130,125,120,1/1/1980
890,B1,GP04,PREVEZE 1,2,5419,130,125,120,1/1/1980
891,B1,GP04,PREVEZE 1,3,5420,130,125,120,1/1/1980
892,B1,GP04,PREVEZE 1,4,5421,130,125,120,1/1/1980
893,B1,GP04,PREVEZE 1,5,5422,130,125,120,1/1/1980
894,B1,GP04,PREVEZE 1,6,5423,130,125,120,1/1/1980
895,B1,GP04,PREVEZE 1,7,5424,130,125,120,1/1/1980
896,B1,GP04,PREVEZE 1,8,5425,130,125,120,1/1/1980
897,B1,GP05,PREVEZE 2,1,5426,130,125,120,1/1/1980
898,B1,GP05,PREVEZE 2,2,5427,130,125,120,1/1/1980
899,B1,GP05,PREVEZE 2,3,5428,130,125,120,1/1/1980
900,B1,GP05,PREVEZE 2,4,5429,130,125,120,1/1/1980
901,B1,GP05,PREVEZE 2,5,5430,130,125,120,1/1/1980
902,B1,GP05,PREVEZE 2,6,5431,130,125,120,1/1/1980
903,B1,GP05,PREVEZE 2,7,5432,130,125,120,1/1/1980
904,B1,GP05,PREVEZE 2,8,5433,130,125,120,1/1/1980
905,B2,GR01,RAUFBEY 1,A01,5454,118,113,118,1/1/1980
906,B2,GR01,RAUFBEY 1,A02,5455,118,113,118,1/1/1980
907,B2,GR01,RAUFBEY 1,A03,5456,118,113,118,1/1/1980
908,B2,GR01,RAUFBEY 1,A04,5457,118,113,118,1/1/1980
909,B2,GR01,RAUFBEY 1,A05,5458,118,113,118,1/1/1980
910,B2,GR01,RAUFBEY 1,A06,5459,118,113,118,1/1/1980
911,B2,GR01,RAUFBEY 1,A07,5460,118,113,118,1/1/1980
912,B2,GR01,RAUFBEY 1,A08,5461,118,113,118,1/1/1980
913,B2,GR01,RAUFBEY 1,A09,5462,118,113,118,1/1/1980
914,B2,GR01,RAUFBEY 1,A10,5463,118,113,118,1/1/1980
915,B2,GR01,RAUFBEY 1,B01,5464,118,113,118,1/1/1980
916,B2,GR01,RAUFBEY 1,B02,5465,118,113,118,1/1/1980
917,B2,GR01,RAUFBEY 1,B03,5466,118,113,118,1/1/1980
918,B2,GR01,RAUFBEY 1,B04,5467,118,113,118,1/1/1980
919,B2,GR01,RAUFBEY 1,B05,5468,118,113,118,1/1/1980
920,B2,GR01,RAUFBEY 1,B06,5469,118,113,118,1/1/1980
921,B2,GR01,RAUFBEY 1,B07,5470,118,113,118,1/1/1980
922,B2,GR01,RAUFBEY 1,B08,5471,118,113,118,1/1/1980
923,B2,GR01,RAUFBEY 1,B09,5472,118,113,118,1/1/1980
924,B2,GR01,RAUFBEY 1,B10,5473,118,113,118,1/1/1980
925,B2,GR02,RAUFBEY 2,A01,5474,118,113,118,1/1/1980
926,B2,GR02,RAUFBEY 2,A02,5475,118,113,118,1/1/1980
927,B2,GR02,RAUFBEY 2,A03,5476,118,113,118,1/1/1980
928,B2,GR02,RAUFBEY 2,A04,5477,118,113,118,1/1/1980
929,B2,GR02,RAUFBEY 2,A05,5478,118,113,118,1/1/1980
930,B2,GR02,RAUFBEY 2,A06,5479,118,113,118,1/1/1980
931,B2,GR02,RAUFBEY 2,A07,5480,118,113,118,1/1/1980
932,B2,GR02,RAUFBEY 2,A08,5481,118,113,118,1/1/1980
933,B2,GR02,RAUFBEY 2,A09,5482,118,113,118,1/1/1980
934,B2,GR02,RAUFBEY 2,A10,5483,118,113,118,1/1/1980
935,B2,GR02,RAUFBEY 2,B01,5484,118,113,118,1/1/1980
936,B2,GR02,RAUFBEY 2,B02,5485,118,113,118,1/1/1980
937,B2,GR02,RAUFBEY 2,B03,5486,118,113,118,1/1/1980
938,B2,GR02,RAUFBEY 2,B04,5487,118,113,118,1/1/1980
939,B2,GR02,RAUFBEY 2,B05,5488,118,113,118,1/1/1980
940,B2,GR02,RAUFBEY 2,B06,5489,118,113,118,1/1/1980
941,B2,GR02,RAUFBEY 2,B07,5490,118,113,118,1/1/1980
942,B2,GR02,RAUFBEY 2,B08,5491,118,113,118,1/1/1980
943,B2,GR02,RAUFBEY 2,B09,5492,118,113,118,1/1/1980
944,B2,GR02,RAUFBEY 2,B10,5493,118,113,118,1/1/1980
945,B2,GS05,Ş.BNB.SAD.GÜR.,A01,5578,118,113,118,1/1/1980
946,B2,GS05,Ş.BNB.SAD.GÜR.,A02,5579,118,113,118,1/1/1980
947,B2,GS05,Ş.BNB.SAD.GÜR.,A03,5580,118,113,118,1/1/1980
948,B2,GS05,Ş.BNB.SAD.GÜR.,A04,5581,118,113,118,1/1/1980
949,B2,GS05,Ş.BNB.SAD.GÜR.,A05,5582,118,113,118,1/1/1980
950,B2,GS05,Ş.BNB.SAD.GÜR.,A06,5583,118,113,118,1/1/1980
951,B2,GS05,Ş.BNB.SAD.GÜR.,A07,5584,118,113,118,1/1/1980
952,B2,GS05,Ş.BNB.SAD.GÜR.,A08,5585,118,113,118,1/1/1980
953,B2,GS05,Ş.BNB.SAD.GÜR.,A09,5586,118,113,118,1/1/1980
954,B2,GS05,Ş.BNB.SAD.GÜR.,A10,5587,118,113,118,1/1/1980
955,B2,GS05,Ş.BNB.SAD.GÜR.,B01,5588,118,113,118,1/1/1980
956,B2,GS05,Ş.BNB.SAD.GÜR.,B02,5589,118,113,118,1/1/1980
957,B2,GS05,Ş.BNB.SAD.GÜR.,B03,5590,118,113,118,1/1/1980
958,B2,GS05,Ş.BNB.SAD.GÜR.,B04,5591,118,113,118,1/1/1980
959,B2,GS05,Ş.BNB.SAD.GÜR.,B05,5592,118,113,118,1/1/1980
960,B2,GS05,Ş.BNB.SAD.GÜR.,B06,5593,118,113,118,1/1/1980
961,B2,GS05,Ş.BNB.SAD.GÜR.,B07,5594,118,113,118,1/1/1980
962,B2,GS05,Ş.BNB.SAD.GÜR.,B08,5595,118,113,118,1/1/1980
963,B2,GS05,Ş.BNB.SAD.GÜR.,B09,5596,118,113,118,1/1/1980
964,B2,GS05,Ş.BNB.SAD.GÜR.,B10,5597,118,113,118,1/1/1980
965,D,GSO9,ŞAHİN,A01,6544,80,73,80,1/1/1980
966,D,GSO9,ŞAHİN,A02,6545,80,73,80,1/1/1980
967,D,GSO9,ŞAHİN,A03,6546,90,83,90,1/1/1980
968,D,GSO9,ŞAHİN,A04,6547,90,83,90,1/1/1980
969,D,GSO9,ŞAHİN,A05,6548,90,83,90,1/1/1980
970,D,GSO9,ŞAHİN,A06,6549,90,83,90,1/1/1980
971,D,GSO9,ŞAHİN,A07,6550,90,83,90,1/1/1980
972,D,GSO9,ŞAHİN,A08,6551,90,83,90,1/1/1980
973,D,GSO9,ŞAHİN,B01,6552,80,73,80,1/1/1980
974,D,GSO9,ŞAHİN,B02,6553,80,73,80,1/1/1980
975,D,GSO9,ŞAHİN,B03,6554,90,83,90,1/1/1980
976,D,GSO9,ŞAHİN,B04,6555,90,83,90,1/1/1980
977,D,GSO9,ŞAHİN,B05,6556,90,83,90,1/1/1980
978,D,GSO9,ŞAHİN,B06,6557,90,83,90,1/1/1980
979,D,GSO9,ŞAHİN,B07,6558,90,83,90,1/1/1980
980,D,GSO9,ŞAHİN,B08,6559,90,83,90,1/1/1980
981,B1,GS02,SALDIRAY,A01,5526,145,139,120,1/1/1980
982,B1,GS02,SALDIRAY,A02,5527,145,139,120,1/1/1980
983,B1,GS02,SALDIRAY,A03,5528,145,139,120,1/1/1980
984,B1,GS02,SALDIRAY,A04,5529,145,139,120,1/1/1980
985,B1,GS02,SALDIRAY,A05,5530,145,139,120,1/1/1980
986,B1,GS02,SALDIRAY,A06,5531,145,139,120,1/1/1980
987,B1,GS02,SALDIRAY,A07,5532,145,139,120,1/1/1980
988,B1,GS02,SALDIRAY,A08,5533,145,139,120,1/1/1980
989,B1,GS02,SALDIRAY,B01,5534,145,139,120,1/1/1980
990,B1,GS02,SALDIRAY,B02,5535,145,139,120,1/1/1980
991,B1,GS02,SALDIRAY,B03,5536,145,139,120,1/1/1980
992,B1,GS02,SALDIRAY,B04,5537,145,139,120,1/1/1980
993,B1,GS02,SALDIRAY,B05,5538,145,139,120,1/1/1980
994,B1,GS02,SALDIRAY,B06,5539,145,139,120,1/1/1980
995,B1,GS02,SALDIRAY,B07,5540,145,139,120,1/1/1980
996,B1,GS02,SALDIRAY,B08,5541,145,139,120,1/1/1980
997,B1,GS03,SARUCABEY,A01,5542,118,113,118,1/1/1980
998,B1,GS03,SARUCABEY,A02,5543,118,113,118,1/1/1980
999,B1,GS03,SARUCABEY,A03,5544,118,113,118,1/1/1980
1000,B1,GS03,SARUCABEY,A04,5545,118,113,118,1/1/1980
1001,B1,GS03,SARUCABEY,A05,5546,118,113,118,1/1/1980
1002,B1,GS03,SARUCABEY,A06,5547,118,113,118,1/1/1980
1003,B1,GS03,SARUCABEY,A07,5548,118,113,118,1/1/1980
1004,B1,GS03,SARUCABEY,A08,5549,118,113,118,1/1/1980
1005,B1,GS03,SARUCABEY,A09,5550,118,113,118,1/1/1980
1006,B1,GS03,SARUCABEY,A10,5551,118,113,118,1/1/1980
1007,B1,GS03,SARUCABEY,B01,5552,118,113,118,1/1/1980
1008,B1,GS03,SARUCABEY,B02,5553,118,113,118,1/1/1980
1009,B1,GS03,SARUCABEY,B03,5556,118,113,118,1/1/1980
1010,B1,GS03,SARUCABEY,B04,5557,118,113,118,1/1/1980
1011,B1,GS03,SARUCABEY,B05,5558,118,113,118,1/1/1980
1012,B1,GS03,SARUCABEY,B06,5559,118,113,118,1/1/1980
1013,B1,GS03,SARUCABEY,B07,5560,118,113,118,1/1/1980
1014,B1,GS03,SARUCABEY,B08,5561,118,113,118,1/1/1980
1015,B1,GS03,SARUCABEY,B09,5562,118,113,118,1/1/1980
1016,B1,GS03,SARUCABEY,B10,5563,118,113,118,1/1/1980
1017,B1,GS04,SAVAŞTEPE,A01,5562,145,139,120,1/1/1980
1018,B1,GS04,SAVAŞTEPE,A02,5563,145,139,120,1/1/1980
1019,B1,GS04,SAVAŞTEPE,A03,5564,145,139,120,1/1/1980
1020,B1,GS04,SAVAŞTEPE,A04,5565,145,139,120,1/1/1980
1021,B1,GS04,SAVAŞTEPE,A05,5566,145,139,120,1/1/1980
1022,B1,GS04,SAVAŞTEPE,A06,5567,145,139,120,1/1/1980
1023,B1,GS04,SAVAŞTEPE,A07,5568,145,139,120,1/1/1980
1024,B1,GS04,SAVAŞTEPE,A08,5569,145,139,120,1/1/1980
1025,B1,GS04,SAVAŞTEPE,B01,5570,145,139,120,1/1/1980
1026,B1,GS04,SAVAŞTEPE,B02,5571,145,139,120,1/1/1980
1027,B1,GS04,SAVAŞTEPE,B03,5572,145,139,120,1/1/1980
1028,B1,GS04,SAVAŞTEPE,B04,5573,145,139,120,1/1/1980
1029,B1,GS04,SAVAŞTEPE,B05,5574,145,139,120,1/1/1980
1030,B1,GS04,SAVAŞTEPE,B06,5575,145,139,120,1/1/1980
1031,B1,GS04,SAVAŞTEPE,B07,5576,145,139,120,1/1/1980
1032,B1,GS04,SAVAŞTEPE,B08,5577,145,139,120,1/1/1980
1033,D,GS06,ŞİMŞEK,A01,6252,106,96,106,1/1/1980
1034,D,GS06,ŞİMŞEK,A02,6253,106,96,106,1/1/1980
1035,D,GS06,ŞİMŞEK,A03,6254,106,96,106,1/1/1980
1036,D,GS06,ŞİMŞEK,A04,6255,106,96,106,1/1/1980
1037,D,GS06,ŞİMŞEK,A05,6256,106,96,106,1/1/1980
1038,D,GS06,ŞİMŞEK,A06,6257,106,96,106,1/1/1980
1039,D,GS06,ŞİMŞEK,A07,6258,106,96,106,1/1/1980
1040,D,GS06,ŞİMŞEK,A08,6259,106,96,106,1/1/1980
1041,D,GS06,ŞİMŞEK,A09,6260,106,96,106,1/1/1980
1042,D,GS06,ŞİMŞEK,A10,6261,106,96,106,1/1/1980
1043,D,GS06,ŞİMŞEK,B01,6262,106,96,106,1/1/1980
1044,D,GS06,ŞİMŞEK,B02,6263,106,96,106,1/1/1980
1045,D,GS06,ŞİMŞEK,B03,6264,106,96,106,1/1/1980
1046,D,GS06,ŞİMŞEK,B04,6265,106,96,106,1/1/1980
1047,D,GS06,ŞİMŞEK,B05,6266,106,96,106,1/1/1980
1048,D,GS06,ŞİMŞEK,B06,6267,106,96,106,1/1/1980
1049,D,GS06,ŞİMŞEK,B07,6268,106,96,106,1/1/1980
1050,D,GS06,ŞİMŞEK,B08,6269,106,96,106,1/1/1980
1051,D,GS06,ŞİMŞEK,B09,6270,106,96,106,1/1/1980
1052,D,GS06,ŞİMŞEK,B10,6271,106,96,106,1/1/1980
1053,B1,GS08,SULTANHİSAR,A01,5598,145,139,120,1/1/1980
1054,B1,GS08,SULTANHİSAR,A02,5599,145,139,120,1/1/1980
1055,B1,GS08,SULTANHİSAR,A03,5612,145,139,120,1/1/1980
1056,B1,GS08,SULTANHİSAR,A04,5613,145,139,120,1/1/1980
1057,B1,GS08,SULTANHİSAR,A05,5614,145,139,120,1/1/1980
1058,B1,GS08,SULTANHİSAR,A06,5615,145,139,120,1/1/1980
1059,B1,GS08,SULTANHİSAR,A07,5616,145,139,120,1/1/1980
1060,B1,GS08,SULTANHİSAR,A08,5617,145,139,120,1/1/1980
1061,B1,GS08,SULTANHİSAR,B01,5618,145,139,120,1/1/1980
1062,B1,GS08,SULTANHİSAR,B02,5619,145,139,120,1/1/1980
1063,B1,GS08,SULTANHİSAR,B03,5620,145,139,120,1/1/1980
1064,B1,GS08,SULTANHİSAR,B04,5621,145,139,120,1/1/1980
1065,B1,GS08,SULTANHİSAR,B05,5358,145,139,120,1/1/1980
1066,B1,GS08,SULTANHİSAR,B06,5623,145,139,120,1/1/1980
1067,B1,GS08,SULTANHİSAR,B07,5624,145,139,120,1/1/1980
1068,B1,GS08,SULTANHİSAR,B08,5625,145,139,120,1/1/1980
1069,D,GT01,TAYFUN,A01,,106,96,106,1/1/1980
1070,D,GT01,TAYFUN,A02,6272,106,96,106,1/1/1980
1071,D,GT01,TAYFUN,A03,6273,106,96,106,1/1/1980
1072,D,GT01,TAYFUN,A04,6274,106,96,106,1/1/1980
1073,D,GT01,TAYFUN,A05,6275,106,96,106,1/1/1980
1074,D,GT01,TAYFUN,A06,6276,106,96,106,1/1/1980
1075,D,GT01,TAYFUN,A07,6277,106,96,106,1/1/1980
1076,D,GT01,TAYFUN,A08,6278,106,96,106,1/1/1980
1077,D,GT01,TAYFUN,A09,6279,106,96,106,1/1/1980
1078,D,GT01,TAYFUN,A10,6280,106,96,106,1/1/1980
1079,D,GT01,TAYFUN,B01,,106,96,106,1/1/1980
1080,D,GT01,TAYFUN,B02,6282,106,96,106,1/1/1980
1081,D,GT01,TAYFUN,B03,6283,106,96,106,1/1/1980
1082,D,GT01,TAYFUN,B04,6284,106,96,106,1/1/1980
1083,D,GT01,TAYFUN,B05,6285,106,96,106,1/1/1980
1084,D,GT01,TAYFUN,B06,6286,106,96,106,1/1/1980
1085,D,GT01,TAYFUN,B07,6287,106,96,106,1/1/1980
1086,D,GT01,TAYFUN,B08,6282,106,96,106,1/1/1980
1087,D,GT01,TAYFUN,B09,6289,106,96,106,1/1/1980
1088,D,GT01,TAYFUN,B10,6290,106,96,106,1/1/1980
1089,B2,GZ02,TEKİRDAĞ,A01,5770,118,113,118,1/1/1980
1090,B2,GZ02,TEKİRDAĞ,A02,5771,118,113,118,1/1/1980
1091,B2,GZ02,TEKİRDAĞ,A03,5772,118,113,118,1/1/1980
1092,B2,GZ02,TEKİRDAĞ,A04,5773,118,113,118,1/1/1980
1093,B2,GZ02,TEKİRDAĞ,A05,5774,118,113,118,1/1/1980
1094,B2,GZ02,TEKİRDAĞ,A06,5775,118,113,118,1/1/1980
1095,B2,GZ02,TEKİRDAĞ,A07,5776,118,113,118,1/1/1980
1096,B2,GZ02,TEKİRDAĞ,A08,5777,118,113,118,1/1/1980
1097,B2,GZ02,TEKİRDAĞ,A09,5778,118,113,118,1/1/1980
1098,B2,GZ02,TEKİRDAĞ,A10,5779,118,113,118,1/1/1980
1099,B2,GZ02,TEKİRDAĞ,B01,5780,118,113,118,1/1/1980
1100,B2,GZ02,TEKİRDAĞ,B02,5781,118,113,118,1/1/1980
1101,B2,GZ02,TEKİRDAĞ,B03,5782,118,113,118,1/1/1980
1102,B2,GZ02,TEKİRDAĞ,B04,5783,118,113,118,1/1/1980
1103,B2,GZ02,TEKİRDAĞ,B05,5784,118,113,118,1/1/1980
1104,B2,GZ02,TEKİRDAĞ,B06,5785,118,113,118,1/1/1980
1105,B2,GZ02,TEKİRDAĞ,B07,5786,118,113,118,1/1/1980
1106,B2,GZ02,TEKİRDAĞ,B08,5787,118,113,118,1/1/1980
1107,B2,GZ02,TEKİRDAĞ,B09,5788,118,113,118,1/1/1980
1108,B2,GZ02,TEKİRDAĞ,B10,5789,118,113,118,1/1/1980
1109,D,GT02,TUFAN,A01,6291,106,96,106,1/1/1980
1110,D,GT02,TUFAN,A02,6292,106,96,106,1/1/1980
1111,D,GT02,TUFAN,A03,6293,106,96,106,1/1/1980
1112,D,GT02,TUFAN,A04,6294,106,96,106,1/1/1980
1113,D,GT02,TUFAN,A05,6295,106,96,106,1/1/1980
1114,D,GT02,TUFAN,A06,6296,106,96,106,1/1/1980
1115,D,GT02,TUFAN,A07,6297,106,96,106,1/1/1980
1116,D,GT02,TUFAN,A08,6298,106,96,106,1/1/1980
1117,D,GT02,TUFAN,A09,6299,106,96,106,1/1/1980
1118,D,GT02,TUFAN,A10,6312,106,96,106,1/1/1980
1119,D,GT02,TUFAN,B01,6323,106,96,106,1/1/1980
1120,D,GT02,TUFAN,B02,6314,106,96,106,1/1/1980
1121,D,GT02,TUFAN,B03,6315,106,96,106,1/1/1980
1122,D,GT02,TUFAN,B04,6316,106,96,106,1/1/1980
1123,D,GT02,TUFAN,B05,6317,106,96,106,1/1/1980
1124,D,GT02,TUFAN,B06,6318,106,96,106,1/1/1980
1125,D,GT02,TUFAN,B07,6319,106,96,106,1/1/1980
1126,D,GT02,TUFAN,B08,6320,106,96,106,1/1/1980
1127,D,GT02,TUFAN,B09,6321,106,96,106,1/1/1980
1128,D,GT02,TUFAN,B10,6322,106,96,106,1/1/1980
1129,B1,GT03,TURGUTREİS,A01,5626,118,113,118,1/1/1980
1130,B1,GT03,TURGUTREİS,A02,5627,118,113,118,1/1/1980
1131,B1,GT03,TURGUTREİS,A03,5628,118,113,118,1/1/1980
1132,B1,GT03,TURGUTREİS,A04,5629,118,113,118,1/1/1980
1133,B1,GT03,TURGUTREİS,A05,5630,118,113,118,1/1/1980
1134,B1,GT03,TURGUTREİS,A06,5631,118,113,118,1/1/1980
1135,B1,GT03,TURGUTREİS,A07,5632,118,113,118,1/1/1980
1136,B1,GT03,TURGUTREİS,A08,5633,118,113,118,1/1/1980
1137,B1,GT03,TURGUTREİS,A09,5634,118,113,118,1/1/1980
1138,B1,GT03,TURGUTREİS,A10,5635,118,113,118,1/1/1980
1139,B1,GT03,TURGUTREİS,B01,5636,118,113,118,1/1/1980
1140,B1,GT03,TURGUTREİS,B02,5637,118,113,118,1/1/1980
1141,B1,GT03,TURGUTREİS,B03,5638,118,113,118,1/1/1980
1142,B1,GT03,TURGUTREİS,B04,5639,118,113,118,1/1/1980
1143,B1,GT03,TURGUTREİS,B05,5640,118,113,118,1/1/1980
1144,B1,GT03,TURGUTREİS,B06,5641,118,113,118,1/1/1980
1145,B1,GT03,TURGUTREİS,B07,5642,118,113,118,1/1/1980
1146,B1,GT03,TURGUTREİS,B08,5643,118,113,118,1/1/1980
1147,B1,GT03,TURGUTREİS,B09,5644,118,113,118,1/1/1980
1148,B1,GT03,TURGUTREİS,B10,5645,118,113,118,1/1/1980
1149,B1,GU02,UMURBEY,A01,5666,118,113,118,1/1/1980
1150,B1,GU02,UMURBEY,A02,5667,118,113,118,1/1/1980
1151,B1,GU02,UMURBEY,A03,5668,118,113,118,1/1/1980
1152,B1,GU02,UMURBEY,A04,5669,118,113,118,1/1/1980
1153,B1,GU02,UMURBEY,A05,5670,118,113,118,1/1/1980
1154,B1,GU02,UMURBEY,A06,5671,118,113,118,1/1/1980
1155,B1,GU02,UMURBEY,A07,5672,118,113,118,1/1/1980
1156,B1,GU02,UMURBEY,A08,5673,118,113,118,1/1/1980
1157,B1,GU02,UMURBEY,A09,5674,118,113,118,1/1/1980
1158,B1,GU02,UMURBEY,A10,5675,118,113,118,1/1/1980
1159,B1,GU02,UMURBEY,B01,5676,118,113,118,1/1/1980
1160,B1,GU02,UMURBEY,B02,5677,118,113,118,1/1/1980
1161,B1,GU02,UMURBEY,B03,5678,118,113,118,1/1/1980
1162,B1,GU02,UMURBEY,B04,5679,118,113,118,1/1/1980
1163,B1,GU02,UMURBEY,B05,5680,118,113,118,1/1/1980
1164,B1,GU02,UMURBEY,B06,5681,118,113,118,1/1/1980
1165,B1,GU02,UMURBEY,B07,5682,118,113,118,1/1/1980
1166,B1,GU02,UMURBEY,B08,5683,118,113,118,1/1/1980
1167,B1,GU02,UMURBEY,B09,5684,118,113,118,1/1/1980
1168,B1,GU02,UMURBEY,B10,5685,118,113,118,1/1/1980
1169,D,GV02,VOLKAN,A02,6324,106,96,106,1/1/1980
1170,D,GV02,VOLKAN,A03,6325,106,96,106,1/1/1980
1171,D,GV02,VOLKAN,A04,6326,106,96,106,1/1/1980
1172,D,GV02,VOLKAN,A05,6327,106,96,106,1/1/1980
1173,D,GV02,VOLKAN,A06,6328,106,96,106,1/1/1980
1174,D,GV02,VOLKAN,A07,6329,106,96,106,1/1/1980
1175,D,GV02,VOLKAN,A08,6330,106,96,106,1/1/1980
1176,D,GV02,VOLKAN,A09,6331,106,96,106,1/1/1980
1177,D,GV02,VOLKAN,A10,6332,106,96,106,1/1/1980
1178,D,GV02,VOLKAN,A11,6333,106,96,106,1/1/1980
1179,D,GV02,VOLKAN,B02,6334,106,96,106,1/1/1980
1180,D,GV02,VOLKAN,B03,6335,106,96,106,1/1/1980
1181,D,GV02,VOLKAN,B04,6336,106,96,106,1/1/1980
1182,D,GV02,VOLKAN,B05,6337,106,96,106,1/1/1980
1183,D,GV02,VOLKAN,B06,6338,106,96,106,1/1/1980
1184,D,GV02,VOLKAN,B07,6339,106,96,106,1/1/1980
1185,D,GV02,VOLKAN,B08,6340,106,96,106,1/1/1980
1186,D,GV02,VOLKAN,B09,6341,106,96,106,1/1/1980
1187,D,GV02,VOLKAN,B10,6342,106,96,106,1/1/1980
1188,D,GV02,VOLKAN,B11,6343,106,96,106,1/1/1980
1189,B2,GR03,YAVUZ,A01,5494,118,113,118,1/1/1980
1190,B2,GR03,YAVUZ,A02,5495,118,113,118,1/1/1980
1191,B2,GR03,YAVUZ,A03,5496,118,113,118,1/1/1980
1192,B2,GR03,YAVUZ,A04,5497,118,113,118,1/1/1980
1193,B2,GR03,YAVUZ,A05,5498,118,113,118,1/1/1980
1194,B2,GR03,YAVUZ,A06,5499,118,113,118,1/1/1980
1195,B2,GR03,YAVUZ,A07,5512,118,113,118,1/1/1980
1196,B2,GR03,YAVUZ,A08,5513,118,113,118,1/1/1980
1197,B2,GR03,YAVUZ,A09,5514,118,113,118,1/1/1980
1198,B2,GR03,YAVUZ,A10,5515,118,113,118,1/1/1980
1199,B2,GR03,YAVUZ,B01,5516,118,113,118,1/1/1980
1200,B2,GR03,YAVUZ,B02,5517,118,113,118,1/1/1980
1201,B2,GR03,YAVUZ,B03,5518,118,113,118,1/1/1980
1202,B2,GR03,YAVUZ,B04,5519,118,113,118,1/1/1980
1203,B2,GR03,YAVUZ,B05,5520,118,113,118,1/1/1980
1204,B2,GR03,YAVUZ,B06,5521,118,113,118,1/1/1980
1205,B2,GR03,YAVUZ,B07,5522,118,113,118,1/1/1980
1206,B2,GR03,YAVUZ,B08,5523,118,113,118,1/1/1980
1207,B2,GR03,YAVUZ,B09,5524,118,113,118,1/1/1980
1208,B2,GR03,YAVUZ,B10,5525,118,113,118,1/1/1980
1209,B1,GY01,YILDIRAY,A01,5718,145,139,120,1/1/1980
1210,B1,GY01,YILDIRAY,A02,5719,145,139,120,1/1/1980
1211,B1,GY01,YILDIRAY,A03,5720,145,139,120,1/1/1980
1212,B1,GY01,YILDIRAY,A04,5721,145,139,120,1/1/1980
1213,B1,GY01,YILDIRAY,A05,5722,145,139,120,1/1/1980
1214,B1,GY01,YILDIRAY,A06,5723,145,139,120,1/1/1980
1215,B1,GY01,YILDIRAY,A07,5724,145,139,120,1/1/1980
1216,B1,GY01,YILDIRAY,A08,5725,145,139,120,1/1/1980
1217,B1,GY01,YILDIRAY,B01,5726,145,139,120,1/1/1980
1218,B1,GY01,YILDIRAY,B02,5727,145,139,120,1/1/1980
1219,B1,GY01,YILDIRAY,B03,5728,145,139,120,1/1/1980
1220,B1,GY01,YILDIRAY,B04,5729,145,139,120,1/1/1980
1221,B1,GY01,YILDIRAY,B05,5730,145,139,120,1/1/1980
1222,B1,GY01,YILDIRAY,B06,5731,145,139,120,1/1/1980
1223,B1,GY01,YILDIRAY,B07,5732,145,139,120,1/1/1980
1224,B1,GY01,YILDIRAY,B08,5733,145,139,120,1/1/1980
1225,B1,GV01,YILDIRIM,A01,5686,118,113,118,1/1/1980
1226,B1,GV01,YILDIRIM,A02,5687,118,113,118,1/1/1980
1227,B1,GV01,YILDIRIM,A03,5688,118,113,118,1/1/1980
1228,B1,GV01,YILDIRIM,A04,5689,118,113,118,1/1/1980
1229,B1,GV01,YILDIRIM,A05,5690,118,113,118,1/1/1980
1230,B1,GV01,YILDIRIM,A06,5691,118,113,118,1/1/1980
1231,B1,GV01,YILDIRIM,A07,5692,118,113,118,1/1/1980
1232,B1,GV01,YILDIRIM,A08,5693,118,113,118,1/1/1980
1233,B1,GV01,YILDIRIM,A09,5694,118,113,118,1/1/1980
1234,B1,GV01,YILDIRIM,A10,5695,118,113,118,1/1/1980
1235,B1,GV01,YILDIRIM,B01,5696,118,113,118,1/1/1980
1236,B1,GV01,YILDIRIM,B02,5713,118,113,118,1/1/1980
1237,B1,GV01,YILDIRIM,B03,5698,118,113,118,1/1/1980
1238,B1,GV01,YILDIRIM,B04,5699,118,113,118,1/1/1980
1239,B1,GV01,YILDIRIM,B05,5712,118,113,118,1/1/1980
1240,B1,GV01,YILDIRIM,B06,5697,118,113,118,1/1/1980
1241,B1,GV01,YILDIRIM,B07,,118,113,118,1/1/1980
1242,B1,GV01,YILDIRIM,B08,5715,118,113,118,1/1/1980
1243,B1,GV01,YILDIRIM,B09,5716,118,113,118,1/1/1980
1244,B1,GV01,YILDIRIM,B10,5717,118,113,118,1/1/1980
1245,B2,GY02,YUNUS,A01,5734,118,113,118,1/1/1980
1246,B2,GY02,YUNUS,A02,5735,118,113,118,1/1/1980
1247,B2,GY02,YUNUS,A03,5736,118,113,118,1/1/1980
1248,B2,GY02,YUNUS,A04,5737,118,113,118,1/1/1980
1249,B2,GY02,YUNUS,A05,5738,118,113,118,1/1/1980
1250,B2,GY02,YUNUS,A06,5739,118,113,118,1/1/1980
1251,B2,GY02,YUNUS,A07,5740,118,113,118,1/1/1980
1252,B2,GY02,YUNUS,A08,5741,118,113,118,1/1/1980
1253,B2,GY02,YUNUS,A09,5742,118,113,118,1/1/1980
1254,B2,GY02,YUNUS,A10,5743,118,113,118,1/1/1980
1255,B2,GY02,YUNUS,B01,5744,118,113,118,1/1/1980
1256,B2,GY02,YUNUS,B02,5745,118,113,118,1/1/1980
1257,B2,GY02,YUNUS,B03,5746,118,113,118,1/1/1980
1258,B2,GY02,YUNUS,B04,5747,118,113,118,1/1/1980
1259,B2,GY02,YUNUS,B05,5748,118,113,118,1/1/1980
1260,B2,GY02,YUNUS,B06,5749,118,113,118,1/1/1980
1261,B2,GY02,YUNUS,B07,5750,118,113,118,1/1/1980
1262,B2,GY02,YUNUS,B08,5751,118,113,118,1/1/1980
1263,B2,GY02,YUNUS,B09,5752,118,113,118,1/1/1980
1264,B2,GY02,YUNUS,B10,5753,118,113,118,1/1/1980
1265,B1,GZ01,ZAFER,A01,5754,145,139,120,1/1/1980
1266,B1,GZ01,ZAFER,A02,5755,145,139,120,1/1/1980
1267,B1,GZ01,ZAFER,A03,5756,145,139,120,1/1/1980
1268,B1,GZ01,ZAFER,A04,5757,145,139,120,1/1/1980
1269,B1,GZ01,ZAFER,A05,5758,145,139,120,1/1/1980
1270,B1,GZ01,ZAFER,A06,5759,145,139,120,1/1/1980
1271,B1,GZ01,ZAFER,A07,5760,145,139,120,1/1/1980
1272,B1,GZ01,ZAFER,A08,5761,145,139,120,1/1/1980
1273,B1,GZ01,ZAFER,B01,5762,145,139,120,1/1/1980
1274,B1,GZ01,ZAFER,B02,5763,145,139,120,1/1/1980
1275,B1,GZ01,ZAFER,B03,5764,145,139,120,1/1/1980
1276,B1,GZ01,ZAFER,B04,5765,145,139,120,1/1/1980
1277,B1,GZ01,ZAFER,B05,5766,145,139,120,1/1/1980
1278,B1,GZ01,ZAFER,B06,5767,145,139,120,1/1/1980
1279,B1,GZ01,ZAFER,B07,5768,145,139,120,1/1/1980
1280,B1,GZ01,ZAFER,B08,5769,145,139,120,1/1/1980
